title,address1,address2,city,state,zipcode,country,website,phone,tags,latitude,longitude
100 MAIN,100 NORTH MAIN AVENUE,,FALLBROOK,CA,92028,USA,,,,33.382211,-117.251637
108 LIFESTYLE & SPORTING GOODS,136 ONTARIO AVENUE,,ELLIOT LAKE,ON,P5A 1Y3,CANADA,,,,46.384993,-82.648566
3 DAUGHTERS BOUTIQUE,311 N. 8TH ST.,#102,LINCOLN,NE,68508,USA,,,,40.816178,-96.710229
3 GRACES,118 MAIN ST,,LUDLOW,VT,5149,USA,,,,43.395939,-72.698367
3 GRACES BOUTIQUE,261 COMMERCIAL ST.,,PROVINCETOWN,MA,2657,USA,,,,42.050791,-70.187247
406 SPORTSWEAR LTD.,406 VICTORIA ST,,KAMLOOPS,BC,V2C 2A7,CANADA,,,,50.676014,-120.331528
42 SAINT,5410 EAST HIGH STREET,SUITE 109,PHOENIX,AZ,85054,USA,,,,33.675699,-111.965903
6TH & BROADWAY,528 BROADWAY ST,,ALEXANDRIA,MN,56308,USA,,,,45.886075,-95.377897
838 BOUTIQUE,838 MIDDLE RD.,,BETTENDORF,IA,52722,USA,,,,41.539788,-90.522074
A DASH OF FAB,128 JOHN STREET NORTH,,ARNPRIOR,ON,K7S 2N6,CANADA,,,,45.434274,-76.354115
A FLAIR FOR GIFTS & HOME,15135 SW BARROWS RD. ,#141,BEAVERTON,OR,97007,USA,,503-524-6616,,45.430323,-122.83075
A GILDED NEST BOUTIQUE,450 GRANITE AVE,,MILTON,MA,2186,USA,,,,42.256277,-71.039713
A NEW LEAF,261 CABOT STREET,,BEVERLY,MA,1915,USA,,,,42.550198,-70.877678
A-LIST,322 N. PINE ST.,SUITE 101,GRAND ISLAND,NE,68801,USA,,,,40.926376,-98.340406
A.J. & MOS,1205 BROADWAY,,HEWLETT,NY,11557,USA,,516-812-9400,,40.636688,-73.702504
ABUNDANCE,13606 VENTURA BLVD,,SHERMAN OAKS,CA,91423,USA,,,,34.147609,-118.42975
ACCESSORIZE YOURSELF,967 CENTRAL AVE,,GREENWOOD,NS,B0N 1N0,CANADA,,,,44.967987,-64.927665
ACQUISTI LIFE,515 MCNEELY AVE,UNIT 2,CARLETON PLACE,ON,K7C 0A8,CANADA,,,,45.130912,-76.11827
ADORNMENTS,2826 E THIRD AVENUE,,DENVER,CO,80206,USA,,303-321-7992,,39.720755,-104.953874
AJ + MOS,1205 BROADWAY,,HEWLET,NY,11557,USA,,,,40.636688,-73.702504
ALAIR GIFT SHOP,3270 CALIFORNIA AVENUE SW,,SEATTLE,WA,98116,USA,,,,47.573682,-122.386504
ALEXANDRITE ACTIVE & GOLF WEAR,78100 MAIN ST,SUITE 103,LA QUINTA,CA,92253,USA,,760-625-1364,,33.677866,-116.302083
ALICE BLUE BOUTIQUE,10 SCHOOL ST,,PETERBOROUGH,NH,3458,USA,,603-924-6520,,42.87668,-71.94975
ALL INSPIRED BOUTIQUE,50 CANTON ST. ,SUITE 104,ALPHARETTA,GA,30009,USA,,678-381-1456,,34.076276,-84.296996
ALL INSPIRED BOUTIQUE,5950 STATE BRIDGE RD. ,SUITE 140A,JOHNS CREEK,GA,30097,USA,,404-505-2172,,34.014905,-84.188839
ALL INSPIRED BOUTIQUE,362 COLLEGE AVENUE,,CLEMSON,SC,29631,USA,,864-650-2370,,34.682926,-82.837073
ALLIE HARPER,50 AVIATOR PLAZA,UNIT 104,ST. SIMONS ISLAND,GA,31522,USA,,251-709-8382,,31.154957,-81.385622
AMBIANCE GALLERY,262 MAIN STREET,,PLACERVILLE,CA,95667,USA,,831-588-3247,,38.728014,-120.803168
AMBIANCE SF,1858 UNION ST,,SAN FRANCISCO,CA,94123,USA,,,,37.798087,-122.429898
AMELIA'S APPAREL AND ACCESSORIES,172 S. MAIN ST.,,MADISON,GA,30650,USA,,706-474-3249,,33.595108,-83.468192
AMORE & FEDE,226 WATER ST, ,EXCEISIOR,MN,55331,USA,,952-401-3392,,44.903217,-93.566898
AMY JANE'S ON SOUTH MILL,218 SOUTH MILL AVE,,DYERSBURG,TN,38024,USA,,,,36.031836,-89.386874
ANDY THORNAL COMPANY,336 MAGNOLIA AVE,,WINTER HAVEN,FL,33880,USA,,863-299-9999,,28.020619,-81.730809
ANN + SOFIA BOUTIQUE,1812 RUE DES CASCADES O,,ST-HYACINTHE,QC,J2S 3J3,CANADA,,,,45.623706,-72.947385
ANN D'S BOUTIQUE,264 N.MAIN ST.,,WEST BEND,WI,53095,USA,,262-707-4786,,43.425893,-88.18414
ANNIE & STELLA,401 BOUL. LABELLE,#13,ROSEMERE,QC,J7A 3T2,CANADA,,,,45.632674,-73.816878
ANOKA CLOTHING COMPANY,112 E MAIN ST,,ANOKA,MN,55303,USA,,763-421-2222,,45.19763,-93.389901
ANONYMOUS LA,5018 MELROSE AVE,,LOS ANGELES,CA,90038,USA,,,,34.083364,-118.309815
ARIA BOUTIQUE,45 MILL STREET ,UNIT 8,ELORA,ON,N0B 1S0,CANADA,,,,43.796268,-80.141043
ARROW TREE BOUTIQUE,415-A BROOKS STREET,,WAKE FOREST,NC,27587,USA,,984-235-0447,,35.974196,-78.508761
ASPEN BOUTIQUE,4724 E. DOUGLAS AVE,,WICHITA,KS,67208,USA,,,,37.686921,-97.281074
AT HOME ON MAIN,115 N. MAIN STREET,,DICKSON,TN,37055,USA,,615-521-4463,,36.076004,-87.388344
AU BON GOÛT,94 RUE SAINT-GERMAIN OUEST,,RIMOUSKI,QC,G5L 4B5,CANADA,,,,48.449698,-68.532381
AVA ROSE BOUTIQUE,431 N OLYMPIC AVE,,ARLINGTON,WA,98223,USA,,360-722-1952,,48.196898,-122.126208
AVAGRACE,926 HOPMEADOW ST,,SIMSBURY,CT,6070,USA,,860-658-4400,,41.880779,-72.799798
AVENUE 838,838 RUE DE ST-JOVITE,,MONT-TREMBLANT,QC,J8E 3J8,CANADA,,,,46.127681,-74.611554
BACKCOUNTRY BOUTIQUE,1000 N 2ND ST,SUITE 101,MCCALL, ID,83638,USA,,907-388-2154,,44.906954,-116.099101
BACKWARDS BOUTIQUE,16830 K TRL, ,PERRY,IA,50220,USA,,515-371-2530,,41.797235,-94.09834
BACKWARDS BOUTIQUE,1124 2ND STREET,,PERRY,IA,50220,USA,,,,41.839377,-94.10483
BAILEY ROAD,75 MAIN ST,,MONTPELIER,VT,5602,USA,,,,44.25984,-72.575332
BANG BANG BOUTIQUE,127 N TEJON ST,,COLORADO SPRINGS,CO,80903,USA,,719-635-5326,,38.835666,-104.823261
BASH BOUTIQUE,30 N. RANGELINE RD.,,CARMEL,IN,46032,USA,,,,39.978958,-86.127301
BAY WINDOW,705 HWY 35 N,,ROCKPORT ,TX,78382,USA,,,,28.029506,-97.048006
BE BOUTIQUE,1501 INDIA ST,#120,SAN DIEGO,CA,92101,USA,,,,32.721425,-117.167989
BE BOUTIQUE,7910 IVANHOE AVE.,,LA JOLLA,CA,92037,USA,,,,32.847333,-117.272265
BE BOUTIQUE,1501 INDIA ST.,#120,SAN DIEGO,CA,92101,USA,,,,32.721425,-117.167989
BEACOUP,635 W CAMPBELL,#238,RICHARDSON,TX,75080,USA,,,,32.976894,-96.741269
BEAULIEU COLLECTIONS,200 RUE SAINT GERMAIN O.,,RIMOUSKI,QC,G5L 4B7,CANADA,,,,48.44721,-68.536044
BEAUTIFUL BOUTIQUE,120 WEST MAIN ST.,,GRASS VALLEY,CA,95945,USA,,,,39.219618,-121.062828
BEAUTIFUL LIFE CLOTHING ,221 E PARK AVE,,ANACONDA,MT,59711,USA,,,,46.12858,-112.950429
BEAUTIFUL LIFE CLOTHING BOUTIQUE,22 W PARK ST,,BUTTE,MT,59701,USA,,,,46.012606,-112.536206
BEBE'S SHOES & APPAREL,2537 S. FLORIDA AVE,,LAKELAND,FL,33803,USA,,,,28.014169,-81.958346
BEE CHIC BOUTIQUE,33728 ESSENDENE AVE,,ABBOTSFORD,BC,V2S 2G9,CANADA,,,,49.04878,-122.290877
BEE YOU BOUTIQUE,16060 W. NATIONAL AVE.,,NEW BERLIN,WI,53151,USA,,262-202-8061,,42.972373,-88.114226
BEL'ORTIE,2768 LAURIER ST.,,ROCKLAND,ON,K4K1A2,CANADA,,,,45.542004,-75.301551
BELLA BLISS BOUTIQUE,105A E CALIFORNIA,,GAINESVILLE,TX,76240,USA,,940-366-0028,,33.624435,-97.14524
BELLA COT'N,236 HWY. 107 N.,,CASHIERS ,NC,28717,USA,,828-743-9593,,35.115862,-83.103141
BELLANOVA,222 96TH ST,,STONE HARBOR,NJ,8247,USA,,609-368-0606,,39.054027,-74.759041
BELLE LEES BOUTIQUE,355 COLUMBIA MEMORIAL PKWY,,LEAGUE CITY,TX,77573,USA,,281-532-6255,,29.526167,-95.03675
BELLES & BEAUS,309 E MAIN ST.,,RIVERTON,WY,82501,USA,,,,43.02428,-108.387275
BELOVED BOUTIQUE,213 2ND ST. EAST,,HASTINGS,MN,55033,USA,,,,44.744503,-92.850505
"BENDERS SHOES, CLOTHING AND GIFTS",901 W CENTRAL ENTRANCE,,DULUTH,MN,55811,USA,,,,46.802016,-92.146672
BESPOKE POST,151 W 25TH ST ,FLOOR 5,NEW YORK,NY,10001,USA,,516-560-3170,,40.745107,-73.993798
BETTINA BELLA,320 N SANTA CRUZ AVE,,LOS GATOS,CA,95030,USA,,408-335-1383,,37.227424,-121.981467
BEYOND THE ALLEY BOUTIQUE,394 ACADEMY RD,#100,WINNIPEG,MB,R3N 0B8,CANADA,,,,49.873573,-97.182834
BIKINI COMPANY,235 E GRANADA BLVD,,ORMOND BEACH,FL,32176,USA,,386-676-2525,,29.292462,-81.041033
BIRDIE'S AND HOWELL,28 NORTH HOWELL ST.,,HILLSDALE,MI,49242,USA,,,,41.920726,-84.632157
BIRKENSTOCK GENERAL STORE AND LEATHER GOODS,280 EAST BASSE RD ,#109,SAN ANTONIO,TX,78209,USA,,,,29.495168,-98.478971
BIT'R MAMAS,1279 FM1144,,KARNES CITY,TX,78118,USA,,,,28.88606,-97.930381
BK & CO,983 FARMINGTON AVE,,WEST HARTFORD,CT,6107,USA,https://bkcostyle.com/,860-232-6225,,41.761038,-72.744487
BLACKSMITH CLOTHING CO.,7806 HORSESHOE BAY RD, ,EGG HARBOR,WI,54209,USA,,920-868-3216,,45.048786,-87.280452
BLESSED BOUTIQUE,11701 LAKE VICTORIA GARDENS AVE,SUITE 7109,PALM BEACH GARDENS,FL,33410,USA,,561-506-6085,,26.849212,-80.092839
BLISS BY THE LAKE BOUTIQUE,126 MOORESVILLE COMMONS WAY ,SUITE C,MOORESVILLE,NC,28117,USA,,,,35.585432,-80.872116
BLONDIES,155 EL CAMINO REAL,,TUSTIN,CA,92780,USA,,714-838-0331,,33.744854,-117.823282
BLOOM AT AMBIANCE,6608 FOLSOM AUBURN RD ,#8,FOLSOM,CA,95630,USA,,916-936-4471,,38.68625,-121.178475
BLOOMINGDALES,5840 GLADES RD.,,BOCA RATON ,FL,33431,USA,,(561) 394-2000,,26.368555,-80.1362
BLOOMINGDALES,270 WALT WHITMAN RD.,,HUNTINGTON STATION,NY,11746,USA,,(631) 425-6700,,40.820949,-73.409047
BLOOMINGDALES,400 HACKENSACK AVE.,,HACKENSACK,NJ,7601,USA,,(201) 457-2000,,40.910794,-74.033058
BLOOMINGDALES,900 N. MICHIGAN AVE.,,CHICAGO,IL,60611,USA,,(312) 440-4460,,41.899614,-87.626102
BLOOMINGDALES,3105 PGA BLVD.,,PALM BEACH GARDENS,FL,33410,USA,,(561) 625-2000,,26.849387,-80.0844
BLOOMINGDALES,175 BLOOMINGDALE RD.,,WHITE PLAINS,NY,10605,USA,,(914) 684-6300,,41.024954,-73.756211
BLOOMINGDALES,8100 TYSONS CORNER CTR.,,MCLEAN,VA,22102,USA,,(703) 556-4600,,38.915956,-77.223637
BLOOMINGDALES,2 RT. 202 NORTH 660 WEST DEKALB PIKE,,KING OF PRUSSIA,PA,19406,USA,,(610) 337-6300,,40.087389,-75.384562
BLOOMINGDALES,2400 W. MORELAND PARK RD.,,WILLOW GROVE,PA,19090,USA,,(215) 706-3300,,40.141564,-75.117121
BLOOMINGDALES,4152 CONROY RD.,,ORLANDO,FL,32839,USA,,(407) 264-2400,,28.483837,-81.430448
BLOOMINGDALES,8778 SW 136TH ST.,,MIAMI,FL,33176,USA,,(305) 252-6300,,25.642763,-80.336334
BLOOMINGDALES,845 MARKET ST.,,SAN FRANCISCO,CA,94103,USA,,(415) 886-5300,,37.7841,-122.406145
BLOOMINGDALES,410 COMMONS PKWY.,,BRIDGEWATER,NJ,8807,USA,,(908) 762-2400,,40.587398,-74.620437
BLOOMINGDALES,4963 OLD ORCHARD CTR.,,SKOKIE,IL,60077,USA,,(847) 675-5200,,42.061235,-87.750771
BLOOMINGDALES,630 OLD COUNTRY RD.,,GARDEN CITY,NY,11530,USA,,(516) 873-2700,,40.739672,-73.613543
BLOOMINGDALES,14060 RIVERSIDE DR.,,SHERMAN OAKS,CA,91423,USA,,(818) 325-2200,,34.157442,-118.438892
BLOOMINGDALES,5300 WESTERN AVE.,,CHEVY CHASE,MD,20815,USA,,(240) 744-3700,,38.960027,-77.087237
BLOOMINGDALES,3 WILLOWBROOK BLVD.,,WAYNE,NJ,7470,USA,,(973) 582-2400,,40.889729,-74.248627
BLOOMINGDALES,3393 PEACHTREE RD. NE,,ATLANTA,GA,30326,USA,,(404) 495-2800,,33.846192,-84.364011
BLOOMINGDALES,1450 ALA MOANA BLVD.,,HONOLULU,HI,96814,USA,,(808) 664-7511,,21.291154,-157.84389
BLOOMINGDALES,7057 FRIARS RD.,,SAN DIEGO,CA,92108,USA,,(619) 610-6400,,32.768676,-117.164418
BLOOMINGDALES,3333 S. BRISTOL ST.,,COSTA MESA,CA,92626,USA,,(714) 824-4600,,33.68958,-117.890051
BLUE MOON ACCESSORIES,#101 - 721 MAIN ST.,,CANMORE,AB,T1W 2B2,CANADA,,,,51.08669,-115.348114
BLUE STAR BAZAAR,237 DANBURY RD,,WILTON,CT,6897,USA,,,,41.18928,-73.426725
BOARDWALK BOUTIQUE,210 E. SHERMAN AVE., STE# 111,COEUR D ALENE,ID,83814,USA,,208-667-4665,,47.673153,-116.783321
BOCA BOUTIQUE,39 HARBOR BLVD. ,,DESTIN,FL,32541,USA,,,,30.396086,-86.51167
BOCA BOUTIQUE & GALERI,174 WATERCOLOR WAY ,#102,SANTA ROSA BEACH,FL,32459,USA,,850-534-0002,,30.328813,-86.125956
BOOM BABIES,489 WESTCOTT ST,,SYRACUSE,NY,73210,USA,,315-472-1949,,43.041666,-76.11922
BORA BORA SWIMWEAR & RESORTWEAR,2 ST ANN DR.,,MANDEVILLE,LA,70471,USA,,985-951-8454,,30.38738,-90.081122
BORCH'S SPORTING GOODS,1309 EAST COLLEGE DRIVE,,MARSHALL,MN,56258,USA,,507-532-4880,,44.45023,-95.767688
BOUTIQUE 100 DESSU DESSOUS,"35, 5E AV E",,LA SARRE,QC,J9Z 1K7,CANADA,,,,48.800096,-79.201022
BOUTIQUE 360,3274 MERRICK ROAD,,WANTAGH,NY,11793,USA,,,,40.664459,-73.509368
BOUTIQUE ANABEL,8585 BOUL. LACROIX,,SAINT-GEORGES,QC,G5Y 5L6,CANADA,,,,46.133535,-70.700495
BOUTIQUE CAROLINE,550 AVENUE DE LA GRAND-MERE,,SHAWINIGAN,QC,G9T 2H2,CANADA,,,,46.540978,-72.752353
BOUTIQUE ELLE ET MOI,1400 RUE D'ACTON,,ACTON VALE,QC,J0H 1A0,CANADA,,,,45.644161,-72.568151
BOUTIQUE ÉVASION,956 RUE PRINCIPALE,,NEGUAC,NB,E9G 1N7,CANADA,,,,47.253593,-65.071601
BOUTIQUE FILLE D'EVE,2269 KING STREET O,,SHERBROOKE,QC,J1J 2G2,CANADA,,,,45.398567,-71.929033
BOUTIQUE GABRIELLE MODE,358 RUE NOTRE-DAME,,REPENTIGNY,QC,J6A 2S5,CANADA,,,,45.731645,-73.453253
BOUTIQUE GM,580 RUE NOTRE-DAME,,SAINT-TITE,QC,G0X 3H0,CANADA,,,,46.729742,-72.562294
BOUTIQUE JOLIE EVE LTEE.,445W ST. PETER BLVD,,CARAQUET,NB,E1W 1B2,CANADA,,,,47.790958,-64.949178
BOUTIQUE LA PASSERELLE,417 WOOD STREET,,PITTSBURGH,PA,15222,USA,,412-434-1325,,40.439908,-80.001149
BOUTIQUE LP,31 N LEXINGTON AVE,,ASHEVILLE,NC,28801,USA,,,,35.595848,-82.553121
BOUTIQUE M,61 PLACE LASALLE,,BAIE-COMEAU,QC,G4Z 1J8,CANADA,,,,49.217597,-68.152313
BOUTIQUE MARIE CARINE,484 AVENUE DE L'HOTEL DE VILLE,,CHANDLER,QC,G0C 1K0,CANADA,,,,49.22655,-65.728053
BOUTIQUE MARIE-JULIE,5151 RUE FOSTER,,WATERLOO,QC,J0E 2N0,CANADA,,,,45.345548,-72.516752
BOUTIQUE MAUDE,545 HAUTERIVE,,LAVAL,QC,H7G 4L8,CANADA,,,,45.57869,-73.673385
BOUTIQUE MICHEL BOURGEOIS,601 PRINCIPALE,,SAINTE-MARCELLINE-DE-KILDARE,QC,J0K 2Y0,CANADA,,,,46.118474,-73.601577
BOUTIQUE MOI-JE,36 DU ROI,,SOREL-TRACY,QC,J3P 4M5,CANADA,,,,46.044952,-73.11671
BOUTIQUE NEWBERRY,600 PIERRE CAISSE,,ST-JEAN-SUR-RICHELIEU,QC,J3A 1M1,CANADA,,,,45.33156,-73.280888
BOUTIQUE PREMIERE AVENUE,6890 SAINT-HUBERT,,MONTREAL,QC,H2S 2M6,CANADA,,,,45.497216,-73.610364
BOUTIQUE Rue,5401 BOUL DES GALERIES,,QUEBEC,QC,G2K 1N4,CANADA,,,,46.831262,-71.295508
BOUTIQUE TRIBU,386 PRINCIPALE OUEST,,MAGOG,QC,J1X 2A9,CANADA,,,,45.265463,-72.147903
BOUTIQUE ZEKARA,47 CLARK RD,,ROTHESAY,NB,E2E 2K9,CANADA,,,,45.397052,-65.983946
BOW & ARROW BOUTIQUE,2112 CENTRAL AVE.,,KEARNEY,NE,68847,USA,,,,40.697162,-99.082111
BOYD THOMAS CLOTHING,227 W. BROADWAY AVE.,,MARYVILLE,TN,37801,USA,,,,35.754398,-83.973148
BRAULT CHAUSSURE ET VETEMENTS,417 RUE SUD,,COWANSVILLE,QC,J2K 2X6,CANADA,,,,45.211683,-72.733653
BREEZY'S,29 TALBOT ST W,,AYLMER,ON,N5H 1J6,CANADA,,,,42.772866,-80.983872
BRENCHLEY,2 ST ANN DR ,SUITE #3,MANDEVILLE,LA,70471,USA,,,,30.38738,-90.081122
BRITTANY N'BROS,109 KENT ST. W,,LINDSAY,ON,K9V 2Y5,CANADA,,,,44.354477,-78.738789
BRONZE LADY BOUTIQUE,12957 VILLAGE BLVD,,MADEIRA BEACH,FL,33708,USA,,727-319-9500,,27.786843,-82.78363
BROWN HOUSE ON H ,5379 H STREET,,SACRMENTO,CA,95819,USA,,916-973-1693,,38.568129,-121.43604
BRUCE JULIAN CLOTHIER,2913 SELWYN AVE,,CHARLOTTE,NC,28209,USA,,704-364-8686,,35.173392,-80.840002
BTQ. P'TITES FOLIES,799 BLVD.STE.ADELE,,STE.ADELE,QC,J8B 2N1,CANADA,,,,45.953298,-74.136086
BTQ.MAHEU ET DAOUST INC.,213-2 VICTORIA,,VALLEYFIELD,QC,J6T 1A8,CANADA,,,,45.256407,-74.128415
BUCKEYE SURF,12 BOLTON ST,,BOBCAYGEON,ON,K0M 1A0,CANADA,,,,44.537993,-78.54529
C'NTRESE BOUTIQUE & JEWELRY,1538 L ST,,ORD,NE,68862,USA,,,,41.603216,-98.929061
CACTUS FLOWER,#112 - 5755 COWRIE ST.,,SECHELT,BC,V0N 3A0,CANADA,,,,48.767904,-123.129214
CAMBRIC LTD,197 2ND ST,,LOS ALTOS,CA,94022,USA,,650-941-2106,,37.378462,-122.116586
CAMERON ROSE,2506 BEACON AVENUE,UNIT 102,SYDNEY,BC,V8L 1Y2,CANADA,,,,48.649069,-123.396193
CAROLE OSTIGUY INC. LE TANDEM,2001 RUE VICTORIA,#106,ST.LAMBERT,QC,J4S 1H1,CANADA,,,,45.499208,-73.506655
CASCADES BOUTIQUE,10 WEST WASHINGTON STREET,,CHAGRIN FALLS,OH,44022,USA,,,,41.429998,-81.392124
CASHMERE BLUE,250 KING ST.,,MIDLAND,ON,L4R 3M3,CANADA,,,,44.750585,-79.886268
CASUAL CORNERS/MENSCH,630 GODERICH ST.,,PORT ELGIN,ON,N0H 2C0,CANADA,,,,44.436577,-81.38891
CATHERINE & COMPANY,173 MAIN STREET,,BATHURST,NB,E2A 1A6,CANADA,,,,47.620891,-65.655303
CELESTE,140 SOUTH MAIN ST,,BOERNE,TX,78006,USA,,830-249-9660,,29.793327,-98.731616
CENTRO SHOES,3319 REED ST.,,MYRTLE BEACH,SC,29577,USA,,,,33.669689,-78.940491
CHAMBRAYE BOUTIQUE,118 E STATE ST,,EAGLE,ID,83616,USA,,,,43.695329,-116.352421
CHAUSSURES FELIX BROWN,134 AVENUE LAURIER O,,MONTREAL,QC,H2T 2N7,CANADA,,,,45.521274,-73.593971
CHEEKY BIRD,2450 GRAND BLVD ,SUITE 102,KANSAS CITY,MO,64108,USA,,913-461-1287,,39.083005,-94.582946
CHEEKY COUTURES BOUTIQUE,"105, 179B LEVA AVE.",,RED DEER COUNTY,AB,T4E 0A5,CANADA,,,,52.2765,-113.7063
CHELSEA'S,224 TRADE ST.,,GREER,SC,29651,USA,,864-879-7104,,34.937417,-82.226532
CHIC ARTIQUE,132 S MAIN STREET,#130,GOODLETTSVILLE,TN,37072,USA,,,,36.321316,-86.712981
CHIC BOUTIQUE BY A PERFECT FACE,12638 OCEAN GATEWAY ,UNIT 6,OCEAN CITY,MD,21842,USA,,410-213-9883,,38.337718,-75.113615
CHIC BUFFALO,9560 MAINT ST ,SUITE #5,CLARENCE,NY,14031,USA,,,,42.992968,-78.601269
CHIC BUFFALO,216 HARROGATE SQ,,BUFFALO,NY,14221,USA,,716-435-5070,,42.983432,-78.699451
CHIC THE BOUTIQUE,9908 ILLINOIS RD.,,FORT WAYNE,IN,46804,USA,,,,41.074322,-85.271685
CHOCTAW CASINO & RESORT,4216 US-69,,DURANT,OK,74701,USA,,,,33.968881,-96.416374
CHOU CHOU,165-C ROWAYTON AVE,,ROWAYTON, CT,6853,USA,,203-853-2726,,41.068062,-73.443738
CHRISTMAS POINT WILD RICE CO,14803 EDGEWOOD DR.,,BAXTER ,MN,56425,USA,,,,46.366566,-94.244979
CHRISTOPHER'S BOUTIQUE,121 S COURT ST., ,CIRCLEVILLE,OH,43113,USA,,740-474-7916,,39.601235,-82.945624
CHRSTYM BOUTIQUE,6700 SNIDER PLAZA,,DALLAS,TX,75205,USA,,,,32.847729,-96.787497
CITY DRAWERS,105 MAIN ST,,BELFAST,ME,4915,USA,,207-338-6260,,44.425838,-69.007287
CK COLLECTION MEN'S,309 DE LA MARE AVE,,FAIRHOPE,AL,36532,USA,,,,30.522405,-87.904152
CLASSIC-COUTURE,109 E. RUTHERFORD ST.,,LANDRUM,SC,29356,USA,,,,35.175336,-82.188283
CLOTH & STONE BOUTIQUE,1625 DARBY DRIVE,,FLORENCE,AL,35630,USA,,,,34.820296,-87.656596
COAST & COUNTRY,523 BOSTON POST ROAD,,SUDBURY,MA,1776,USA,,,,42.358957,-71.429506
COLD NOSE WARM HEART,187 SOUTH PALM CANYON DRIVE,,PALM SPRINGS,CA,92262,USA,,,,33.821543,-116.547068
COLORADO COOL,2601 S. LEMAY AVE ,#10,FORT COLLINS,CO,80525,USA,,719-321-2714,,40.551229,-105.059255
CORAL COVE,704 A MAIN STREET,,BRADLEY BEACH,NJ,7720,USA,,,,40.204329,-74.017193
CORIANDER STYLE,78 HURONONTARIO ST,,COLLINGWOOD,ON,L9Y 2L9,CANADA,,,,44.500113,-80.215494
COTTAGE 321 BOUTIQUE,3729 HICKORY BLVD.,,HUDSON,NC,28638,USA,,828-396-3210,,35.819756,-81.442927
COTTAGE BOUTIQUE,632 MAIN ST.,,HUMBOLT,SK,S0K 2A0,CANADA,,,,52.320475,-106.095188
COTTAGE TOYS,180 CHARLOTTE ST,,PETERBOROUGH,ON,K9J 2T8,CANADA,,,,44.303619,-78.321084
COUNTRY MAGIC,122 BOBCAYGEON RD,,MINDEN,ON,K0M 2K0,CANADA,,,,44.925391,-78.724563
COUSIN-COUSINES,1570 ST-LOUIS,,PLESSISVILLE,QC,G6L 2M9,CANADA,,,,46.219515,-71.771965
CRABAPPLE CLOTHING COMPANY,3526 GARRISON GATE SOUTH WEST,,CALGARY,AB,T2T 6N1,CANADA,,,,51.02265,-114.114583
CRABAPPLES,302-10TH STREET,,WAINWRIGHT,AB,T9W 1P8,CANADA,,,,52.834519,-110.860145
CREEKSIDE FASHION,3325 COAST MERIDIAN RD,,PORT COQUITLAM,BC,V3B 3N6,CANADA,,,,49.296417,-122.755906
CRICKET BY THE CREEK,1517 6TH AVE SE,,DECATUR,AL,35601,USA,,256-350-9963,,34.583418,-86.980827
CRICKET CLOTHING CO.,2814 2ND AVE. N,,BILLINGS,MT,59101,USA,,406-259-3624,,45.78236,-108.507068
CRINOLINE,82 BOUL. BROMONT #102A,,BROMONT,QC,J2L 2K3,CANADA,,,,45.321354,-72.64775
CROCUS & IVY,4065 ALBERT STREET,,REGINA,SK,S4S 3R5,CANADA,,,,50.414239,-104.617067
CROOKED CORNER,10107 100 STREET,,FORT ST JOHN,BC,V1J 3Y6,CANADA,,,,56.247648,-120.847023
CRUSH BALBOA,317 MARINE AVE,,NEWPORT BEACH,CA,92662,USA,,949-675-3303,,33.60774,-117.890023
CRUSH MARKETPLACE,14 MILL STREET,,ALMONTE,ON,K0A1A0,CANADA,,,,45.226049,-76.194528
CT WEEKENDS ,437 DANIELS STREET,CAMERON VILLAGE,RALEIGH,NC,27605,USA,,,,35.790018,-78.661576
"CTGRACE, A BOUTIQUE",122 EAST MAIN ST,,FRANKLIN,TN,37064,USA,,,,35.926511,-86.866613
CYRESE & CO,4570 KINGWOOD DR ,SUITE A,KINGWOOD,TX,77345,USA,,,,30.050137,-95.182233
DAISIES MERCANTILE,1347 PARK ST,,ALAMEDA,CA,94501,USA,,510-522-6443,,37.76374,-122.243397
DAMSELS,413 FITZWILLIAM ST,,NANAIMO,BC,V9R 3A9,CANADA,,,,49.165253,-123.942093
DANDELION & BURDOCK,121 W. LINCOLN AVE.,,FERGUS FALLS,MN,56537,USA,,,,46.283312,-96.075402
DANNI NICOLES ,119 N MAIN ST,,HANNIBAL,MO,63401,USA,,573-221-5066,,39.709783,-91.355977
DARRYL'S,155 MAIN STREET,,BEACON,NY,12508,USA,,,,41.508195,-73.976015
DAVID JONES FASHIONS,5005 S WESTERN AVE,SUITE 130,SIOUX FALLS,SD,57108,USA,,605.338-7300,,43.499561,-96.749523
DAVID LINDSEY CLOTHIER,223 MAIN ST,,GREENWOOD,SC,29646,USA,,864-229-8/004,,34.191152,-82.160383
DEAR MYRA BOUTIQUE,3520 VILLAGE DRIVE SUITE 550,,LINCOLN,NE,68516,USA,,,,40.754532,-96.669721
DEAR MYRA BOUTIQUE,7500 HIDDEN VALLY DRIVE,,LINCOLN,NE,68526,USA,,402-217-6485,,40.735616,-96.56519
DEASEE'S BOUTIQUE,115 WEST OCEAN AVE,,LOMPOC,CA,93436,USA,,805-430-8396,,34.639177,-120.458338
DEJA NU BOUTIQUE,207 E 2ND ST.,,LAMPASAS,TX,76550,USA,,512-566-6545,,31.065984,-98.181701
DEKADE,444 HOLLANDVIEW TRAIL,,AURORA,ON,L4G 7Z9,CANADA,,,,44.015622,-79.4484
DENA'S BOUTIQUE,D 105 - 20159  88 TH AVENUE,,LANGLEY,BC,V1M 0A4,CANADA,,,,49.166161,-122.663475
DENA'S SHOP ON THE CORNER,123 S. HEMLOCK,SUITE #101,CANNON BEACH,OR,97110,USA,,,,45.896436,-123.960728
DENISE,MAPLEVIEW SHOPPING CENTRE,,BURLINGTON,ON,L7S 2J8,CANADA,,,,43.323,-79.8092
DENISE HAJJAR BOUTIQUE,304 VICTORY RD,,QUINCY,MA,2171,USA,,,,42.299122,-71.029536
DETAILS AT HOME,309 - 3907 8TH ST. E,,SASKATOON,SK,S7H 5M7,CANADA,,,,52.114295,-106.664314
DIDI'S BOUTIQUE,"150 BIRCH AVENUE, 100 MILE HOUSE",,MILE HOUSE,BC,V0K 2E0,CANADA,,,,51.645768,-121.295159
DILLARDS,6900 EAST CAMELBACK ROAD,,SCOTTSDALE,AZ,85251,USA,,(480) 949-5869,,33.503834,-111.933171
DILLARDS,3101 WEST CHANDLER BLVD,,CHANDLER,AZ,85226,USA,,(480) 735-2060,,33.303594,-111.896552
DILLARDS,6545 E. SOUTHERN AVE,,MESA,AZ,85206,USA,,(480) 832-1247,,33.390592,-111.688091
DILLARDS,3100 GATEWAY BOULEVARD,,PRESCOTT,AZ,86303,USA,,(928) 717-1270,,34.549159,-112.410384
DILLARDS,5501 HIGHWAY 95 NORTH,,LAKE HAVASU CITY,AZ,86404,USA,,(928) 764-1200,,34.566687,-114.367384
DILLARDS,5890 EAST BROADWAY BLVD,,TUCSON,AZ,85711,USA,,(520) 747-4700,,32.218304,-110.863549
DILLARDS,4550 NORTH ORACLE RD,,TUCSON,AZ,85705,USA,,(520) 293-4550,,32.289931,-110.974735
DILLARDS,4700 US HIGHWAY 89 NORTH,,FLAGSTAFF,AZ,86004,USA,,(928) 526-5541,,35.222815,-111.58106
DILLARDS,2100 LOUISIANA BLVD NE ,STE 155,ALBUQUERQUE,NM,87110,USA,,(505) 883-5900,,35.099417,-106.567321
DILLARDS,8401 GATEWAY WEST,,EL PASO,TX,79925,USA,,(915) 779-6969,,31.773452,-106.37709
DILLARDS,1850 E. RED CLIFFS DRIVE,,ST. GEORGE,UT,84790,USA,,(435) 634-4900,,37.11656,-113.543859
DILLARDS,6191 S STATE ST.,,MURRAY,UT,84107,USA,,(801) 266-2006,,40.637082,-111.885096
DILLARDS,1201 N. HILL FIELD RD,,LAYTON,UT,84041,USA,,(801) 315-2138,,41.078145,-111.976256
DILLARDS,350 NORTH MILWAUKEE,,BOISE,ID,83704,USA,,(208) 321-4646,,43.607553,-116.278904
DILLARDS,2901 BROOKS ST,,MISSOULA,MT,59801,USA,,(406) 721-3100,,46.847757,-114.027422
DILLARDS,320 S. 24TH ST. WEST,,BILLINGS,MT ,59102,USA,,(406) 656-0100,,45.763214,-108.577296
DILLARDS,1320 W. SUNSET RD.,,HENDERSON,NV,89014,USA,,(702) 435-6300,,36.066722,-115.044544
DILLARDS,11011 SAGE PARK DRIVE,,LAS VEGAS,NV,89135,USA,,(702) 473-6712,,36.1477,-115.333087
DILLARDS,13933 S. VIRGINIA ST.,,RENO,NV,89511,USA,,(775) 852-3080,,39.404547,-119.752819
DILLARDS,8415 PARK MEADOWS CENTER DR.,,LONE TREE,CO,80124,USA,,(303) 790-0100,,39.563897,-104.878133
DILLARDS,8501 W BOWLES ,STE 2D657,LITTLETON,CO,80123,USA,,(303) 979-6111,,39.610755,-105.095587
DILLARDS,41 W FLATIRON CIR,,BROOMFIELD,CO,80021,USA,,(303) 464-3900,,39.929958,-105.135006
DILLARDS,1400 DELL RANGE BLVD.,,CHEYENNE,WY,82009,USA,,(307) 632-2224,,41.162097,-104.805383
DILLARDS,543 E. UNIVERSITY PARKWAY,,OREM,UT,84097,USA,,(801) 607-3144,,40.275273,-111.683699
DILLARDS,3200 LAS VEGAS BLVD SOUTH,,LAS VEGAS,NV,89109,USA,,(702) 733-2008,,36.126887,-115.173448
DILLARDS,4950 PACIFIC AVE. ,,STOCKTON,CA,95207,USA,,(209) 477-1230,,37.984602,-121.309325
DILLARDS,2426 OLD U.S. HIGHWAY 5 & 50,,GRAND JUNCTION,CO ,81505,USA,,(970) 208-0604,,39.14657,-108.626481
DILLARDS,3320 SILAS CREEK PKWY,STE 3500,WINSTON SALEM,NC,27103,USA,,(336) 659-1515,,36.070373,-80.299357
DILLARDS,1930 US HWY 70 S E,,HICKORY,NC,28602,USA,,(828) 327-2656,,35.703216,-81.307002
DILLARDS,4400 SHARON RD.,,CHARLOTTE,NC,28211,USA,,(704) 365-3111,,35.152224,-80.832324
DILLARDS,100 COASTAL GRAND CIRCLE,,MYRTLE BEACH,SC,29577,USA,,(843) 839-2917,,33.701018,-78.926435
DILLARDS,700 HAYWOOD RD,,GREENVILLE,SC,29607,USA,,(864) 987-9229,,34.849967,-82.332539
DILLARDS,3101 N. MAIN ,SUITE D,ANDERSON,SC,29621,USA,,(864) 224-1315 ,,34.541448,-82.668106
DILLARDS,10101 EASTERN SHORE BLVD,,SPANISH FORT,AL,36527,USA,,(251) 621-2257,,30.667155,-87.849442
DILLARDS,4755 TOWN CROSSING DRIVE,,JACKSONVILLE,FL,32246,USA,,(904) 641-0471,,30.256109,-81.526478
DILLARDS,5100 N. 9TH AVE.,,PENSACOLA,FL,32504,USA,,(850) 476-3011,,30.474254,-87.209732
DILLARDS,300 MARY ESTHER BLVD,STE # 119,MARY ESTHER,FL,32569,USA,,(850) 244-7111,,30.416488,-86.65713
DILLARDS,200 PIER PARK DR.,,PANAMA CITY BEACH,FL,32413,USA,,(850) 234-2417,,30.221425,-85.871627
DILLARDS,2298 MARTIN LUTHER KING BLVD.,,PANAMA CITY,FL,32405,USA,,(850) 769-7671,,30.188234,-85.648349
DILLARDS,3333 BUFORD DR. ,,BUFORD,GA,30519,USA,,(678) 482-5241,,34.066232,-83.984402
DILLARDS,370 NEWNAN CROSSING BYPASS,,NEWNAN,GA,30265,USA,,(770) 254-0166,,33.388112,-84.765931
DILLARDS,900 COMMONS DR. ,SUITE 100,DOTHAN,AL,36303,USA,,(334) 794-3300,,31.253473,-85.422786
DILLARDS,3247 MANCHESTER EXPRESSWAY,,COLUMBUS,GA,31909,USA,,(706) 324-7272,,32.509357,-84.941396
DILLARDS,2223 N. WESTSHORE BLVD. ,,TAMPA,FL,33607,USA,,(813) 342-1220,,27.96314,-82.518484
DILLARDS,303 BRANDON TOWN CENTER,,BRANDON,FL,33511,USA,,(813) 653-4436,,27.934913,-82.327207
DILLARDS,6990 TYRONE SQUARE,,ST. PETERSBURG,FL,33710,USA,,(727) 344-4611,,27.793585,-82.73404
DILLARDS,3800 U.S. HIGHWAY 98 NORTH,,LAKELAND,FL,33809,USA,,(863) 859-2000,,28.089706,-81.975629
DILLARDS,100 EAGLE RIDGE DR.,,LAKE WALES,FL,33859,USA,,(863) 676-7646,,27.952584,-81.616508
DILLARDS,200 UNIVERSITY TOWN CENTER DR.,,SARASOTA ,FL,34243,USA,,941-527-4878,,27.382527,-82.453609
DILLARDS,1441 TAMIAMI TRAIL,,PORT CHARLOTTE,FL,33948,USA,,(941) 255-1778,,27.010162,-82.146599
DILLARDS,1798 N. TAMIAMI TRAIL,,NAPLES,FL,34102,USA,,(239) 261-4100,,26.170465,-81.79294
DILLARDS,8017 VIA SARDINIA WAY,,ESTERO,FL,33928,USA,,(239) 947-4133,,26.399436,-81.807578
DILLARDS,8001 S. ORANGE BLOSSOM TR. ,,ORLANDO,FL,32809,USA,,(407) 240-1771,,28.44698,-81.396583
DILLARDS,300 TOWNE CENTER CIRCLE,,SANFORD,FL,32771,USA,,(407) 330-1775,,28.805629,-81.337599
DILLARDS,4414 S.W. COLLEGE RD. ,SUITE 700,OCALA,FL,34474,USA,,(352) 629-9266,,29.140412,-82.194538
DILLARDS,1700 WEST NEW HAVEN AVE.,SUITE 801,MELBOURNE,FL,32904,USA,,(321) 676-1300,,28.081733,-80.64729
DILLARDS,10304 FOREST HILLS BLVD.,,WELLINGTON,FL,33414,USA,,(561) 227-5470,,26.64781,-80.20982
DILLARDS,1101 MELBOURNE RD. ,,HURST,TX,76053,USA,,(817) 284-4566,,32.830761,-97.198721
DILLARDS,4850 OVERTON RIDGE BLVD.,,FT. WORTH,TX,76132,USA,,(817) 294-1449,,32.679303,-97.400029
DILLARDS,3821 SOUTH COOPER,,ARLINGTON,TX,76015,USA,,(817) 465-0718,,32.681459,-97.131035
DILLARDS,8687 NORTH CENTRAL EXPRESSWAY,,DALLAS,TX,75225,USA,,(214) 373-7000,,32.86881,-96.773557
DILLARDS,2501 DALLAS PARKWAY,,PLANO,TX,75093,USA,,(972) 202-4730,,33.033012,-96.830622
DILLARDS,2603 PRESTON RD.,,FRISCO,TX,75034,USA,,(214) 705-8065,,33.097437,-96.814495
DILLARDS,7400 SAN PEDRO,SUITE 900,SAN ANTONIO,TX,78216,USA,,(210) 341-6666,,29.517342,-98.49726
DILLARDS,15900 LA CANTERA PARKWAY, ,SAN ANTONIO,TX,78256,USA,,(210) 558-6121,,29.593404,-98.618436
DILLARDS,5300 SAN DARIO AVENUE,,LAREDO,TX,78041,USA,,(956) 727-1171,,27.549202,-99.503167
DILLARDS,2200 SOUTH TENTH ST.,,MCALLEN,TX,78501,USA,,(956) 687-5211,,26.185007,-98.238578
DILLARDS,2340 N. EXPRESSWAY,,BROWNSVILLE,TX,78526,USA,,(956) 546-4581,,25.971728,-97.469871
DILLARDS,6001 WEST WACO DRIVE,,WACO,TX,76710,USA,,(254) 776-3560,,31.515063,-97.188505
DILLARDS,2901 CAPITOL OF TEXAS HIGHWAY,,AUSTIN,TX,78746,USA,,(512) 327-6100,,30.327453,-97.811132
DILLARDS,3211 FEATHERGRASS COURT,,AUSTIN,TX,78758-7722,USA,,(512) 833-9556,,30.394436,-97.72738
DILLARDS,4000 VISTA RIDGE,,BEE CAVE,TX,78738,USA,,(512) 263-0520,,30.310209,-97.943609
DILLARDS,5488 S. PADRE ISLAND DR.,,CORPUS CHRISTI,TX,78411,USA,,(361) 991-7300,,27.710665,-97.375302
DILLARDS,7701 W. INTERSTATE 40,SUITE 300,AMARILLO,TX,79121,USA,,(806) 358-7771,,35.183937,-101.928132
DILLARDS,6002 SLIDE RD. ,,LUBBOCK,TX,79414,USA,,(806) 792-6871,,33.540284,-101.925775
DILLARDS,4310 BUFFALO GAP RD.,,ABILENE,TX,79606,USA,,(325) 695-2200,,32.398892,-99.759939
DILLARDS,4511 N. MIDKIFF,,MIDLAND,TX,79705,USA,,(432) 697-7911,,32.031683,-102.128893
DILLARDS,3500 MCCANN RD.,,LONGVIEW,TX,75605,USA,,(903) 758-4486,,32.53894,-94.751568
DILLARDS,4601 S. BROADWAY AVE.,,TYLER,TX,75703,USA,,(903) 561-1221,,32.299375,-95.3023
DILLARDS,3301 VETERANS MEMORIAL BLVD.,,METAIRE,LA,70002,USA,,(504) 833-1075,,30.004397,-90.158776
DILLARDS,5725 JOHNSTON RD.,,LAFAYETTE,LA,70503,USA,,(337) 989-8139,,30.17121,-92.075608
DILLARDS,6601 BLUEBONNET,,BATON ROUGE,LA,70836,USA,,(225) 761-7293,,30.388792,-91.090266
DILLARDS,1201 LAKE WOODLANDS,STE. 400,THE WOODLANDS,TX,77380,USA,,(281) 363-9300,,30.163405,-95.457494
DILLARDS,7925 FM 1960 WEST,,HOUSTON,TX,77070,USA,,(281) 890-9200,,29.961418,-95.546625
DILLARDS,900 MEMORIAL CITY,,HOUSTON,TX,77024,USA,,(713) 464-1851,,29.780757,-95.537308
DILLARDS,4925 WESTHEIMER,,HOUSTON,TX,77056,USA,,(713) 622-1200,,29.738912,-95.459776
DILLARDS,16517 SW FREEWAY,,SUGARLAND,TX,77479,USA,,(281) 980-8300,,29.589987,-95.623811
DILLARDS,600 BAYBROOK MALL,,FRIENDSWOOD,TX,77546,USA,,(281) 486-0700,,29.543541,-95.150038
DILLARDS,5955 EASTEX FREEWAY,,BEAUMONT,TX,77706,USA,,(409) 899-9800,,30.124102,-94.159078
DILLARDS,6919 SOUTH MEMORIAL,,TULSA,OK,74133,USA,,(918) 252-1890,,36.064682,-95.881607
DILLARDS,2501 WEST MEMORIAL RD.,,OKLAHOMA,OK,73134,USA,,(405) 755-5220,,35.61315,-97.558412
DILLARDS,1901 NW EXPRESSWAY,SUITE 1001,OKLAHOMA CITY,OK,73118,USA,,(405) 840-8495,,35.524688,-97.544826
DILLARDS,3499 WEST MAIN,,NORMAN,OK,73072,USA,,(405) 329-2600,,35.219025,-97.492365
DILLARDS,2825 S. GLENSTONE AVE.,STE. 400,SPRINGFIELD,MO,65804,USA,,(417) 883-4550,,37.162499,-93.265485
DILLARDS,11601 WEST 95TH ST.,,OVERLAND PARK,KS,66214,USA,,(913) 492-0666,,38.952462,-94.720319
DILLARDS,101 JORDAN CREEK PARKWAY,,WEST DES MOINES,IA,50266,USA,,(515) 440-2277,,41.568517,-93.808966
DILLARDS,3030 OAKVIEW DRIVE,,OMAHA,NE,68144,USA,,(402) 697-1323,,41.233498,-96.118847
DILLARDS,5000 SHELBYVILLE RD. ,,LOUISVILLE,KY,40207,USA,,(502) 893-4400,,38.247912,-85.623385
DILLARDS,6000 W. MARKHAM,,LITTLE ROCK,AR,72205,USA,,(501) 661-0053,,34.753551,-92.343101
DILLARDS,3929 MCCAIN BLVD,,NORTH LITTLE ROCK,AR,72116,USA,,(501) 771-4100,,34.792595,-92.22623
DILLARDS,1796 GALLERIA BLVD.,,FRANKLIN,TX,37067,USA,,(615) 771-7101,,35.956774,-86.812986
DILLARDS,7600 KINGSTON PIKE,,KNOXVILLE,TN,37919,USA,,(865) 531-1931,,35.928645,-84.036198
DILLARDS,2100 HAMILTON PLACE BLVD.,,CHATTANOOGA,TN,37421,USA,,(423) 892-1110,,35.036633,-85.158493
DILLARDS,2400 RICHMOND RD.,,TEXARKANA,TX,75503,USA,,(903) 838-6591,,33.455079,-94.080738
DIVA HILLSIDE,671 AZ-179,,SEDONA,AZ,86336,USA,,928-282-0527,,34.860542,-111.761818
DOCK SQUARE CLOTHIERS,17 DOCK SQUARE,,KENNEBUNKPORT,ME,4046,USA,,,,43.361615,-70.477608
DOLLY MAMA BOUTIQUE & HOME,7700 PIONEER WAY ,STE 103,GIG HARBOR,WA,98335,USA,,949-813-5690,,47.328049,-122.583089
DONNAS FASHION,10051 S YALE AVE,#105,TULSA,OK,74137,USA,,918-299-6565,,36.018025,-95.921277
DOT DOT DASH BOUTIQUE,736 DE MUN AVE,,CLAYTON,MO,63105,USA,,314-862-1962,,38.637682,-90.307904
DOT.,70 PEMBROKE ST. W.,,PEMBROKE,ON,K8A 5M6,CANADA,,,,45.825869,-77.11405
DOW'S,145 GREAT GEORGE ST,,CHARLOTTETOWN,PE,C1A 4K7,CANADA,,,,46.235813,-63.127391
DRESSED BY BEC,651 MAIN ST.,,WOODSTOCK,NB,E7M 2C7,CANADA,,,,46.150395,-67.573491
EASY ELEGANCE,16 PEMBROKE ST W,,COBDEN,ON,K0J 1K0,CANADA,,,,45.62699,-76.877764
ECHO CLOTHING,83 KING ST W,,BROCKVILLE,ON,K6V 3R1,CANADA,,,,44.588859,-75.685178
ECLECTIQUE BOUTIQUE,809 W. HARBOR DRIVE,SUITE #11,SAN DIEGO,CA,92102,USA,,,,32.711325,-117.170184
EL DORADO SPORT & STYLE,46000 FAIRWAY DRIVE,,INDIAN WELLS,CA,92210,USA,,,,33.712512,-116.338419
EL'LAY,11626 N DALE MABRY HWY,,TAMPA,FL,33618,USA,,757-417-7375,,28.054425,-82.504816
ELEVEN 26 BOUTIQUE,317 TRENTON ST,,WESTMONROE,LA,71291,USA,,318-737-7207,,32.501585,-92.124398
ELEVEN JOSEPH FASHION,117 MAIN STREET N,,MARKHAM,ON,L3P 1X9,CANADA,,,,43.99942,-79.68122
ELLA LAFAY,17 MAIN ST,,TIBURON,CA,94920,USA,,,,37.873389,-122.455712
ELLE'S BOUTIQUE,#130- 175 CARLETON,,ST. ALBERT,AB,T8N 7X9,CANADA,,,,53.633239,-113.628845
ELOISE,69 YORK ST,,FREDERICTON,NB,E3B 3N4,CANADA,,,,45.962695,-66.643633
EMAGINARY,255 GOLD RIVERS CT ,#160,BASALT,CO,81621,USA,,970-927-9645,,39.367794,-107.034817
EMBELLISHMENTS,903 LINCOLN AVE,,STEAMBOAT SPRINGS,CO,80487,USA,,970-879-3466,,40.486667,-106.835828
EN VUE BOUTIQUE,"100 BOUL. BRIEN, LOCAL 126, GALERIES RIVE NORD",,REPENTIGNY,QC,J6A 5N4,CANADA,,,,45.741895,-73.458605
ENCOMPASSING BEAUTY/CROSSLAKE CLOTHING,35734 ALLEN AVENUE,,CROSSLAKE,MN,56442,USA,,,,46.671374,-94.101988
ENNOJA CLOTHING,101-5 PERRON STREET,,ST. ALBERT,AB,T8N 1E3,CANADA,,,,53.633296,-113.624184
ESCAPE - MIKOCAN INC,703 BANK ST.,,OTTAWA,ON,K1S3V1,CANADA,,,,45.405046,-75.688997
ESSENZA BOUTIQUE,8711 E PINNACLE PEAK ROAD ,PMB 193,SCOTTSDALE,AZ,85255,USA,,480-563-9963,,33.69789,-111.892772
EUREKA DAN'S,928 MAIN AVE,,DURANGO,CO,81301,USA,,970-247-3520,,37.273726,-107.8804
EUROPEAN ADDITION,403 MAIN ST.,,EXETER,ON,N0M 1S6,CANADA,,,,43.345609,-81.480385
EUROSTYLE PLUS,510 EAST STATE ST. ,,ROCKFORD,IL,61104,USA,,,,42.267677,-89.086938
EVE & ME BOUTIQUE,1916 2ND AVE,,ANOKA,MN,55303,USA,,,,45.197365,-93.389151
EVELIE BLU BOUTIQUE,2815 W. DIVISION ST., SUITE 101,ST. CLOUD,MN,56301,USA,,,,45.553358,-94.192503
EVERGREEN CLOTHING AND MERCANTILE,28025 HIGHWAY 74,,EVERGREEN,CO,80439,USA,,,,39.633376,-105.318282
EVERY BLOOMING THING,369 MAIN ST.,,YARMOUTH,NS,B5A 1E7,CANADA,,,,43.836826,-66.119771
EXPRESSIONS,8 EAST MAIN ST.,,NEW HAMPTON,IA,50659,USA,,641-394-4337,,43.059412,-92.31492
EXPRESSIONS FASHION BOUTIQUE,2395 PRINCESS ST.  UNIT 7 & 8,,KINGSTON,ON,K7M 0C4,CANADA,,,,44.257697,-76.55643
FABRICATIONS,125 KENNETH STREET,,DUNCAN,BC,V9L 6A5,CANADA,,,,48.778601,-123.708853
FABTIQUE,1657 WEST LANE AVE, ,COLUMBUS,OH,43221,USA,,614-754-8472,,40.006759,-83.054638
FAIR CLOTH BOUTIQUE,8001 KEKCHEVAL ST. ,SUITE#101,DETROIT,MI,48214,USA,,313-284-2600,,42.365116,-82.987644
FAIRMONT AWARDS,310 DOWNTOWN PLAZA,,FAIRMONT,MN,56031,USA,,507-235-3705,,43.65494,-94.462232
FANCY FIG BOUTIQUE,341 ONTARIO AVE,,BOGALUSA,LA,70427,USA,,985-750-1631,,30.791744,-89.864015
FASHION ENVY,47 FOSTER ST,,PERTH,ON,K7H 1R9,CANADA,,,,44.900671,-76.252448
FASHION REFLECTION,2104 POST OAK CROSSING,,SHERMAN,TX,75092,USA,,903-892-8330,,33.66857,-96.641281
FASHION RESCUE 911,8239 DAMPIER CR,,LIVERPOOL,NY,13090,USA,,315-247-0730,,43.170313,-76.235249
FASHION RESCUE 911,52 OSWEGO ST,,BALDWINSVILLE,NY,13027,USA,,315-247-0730,,43.159162,-76.332558
FASHION WEAR CANADA,31 DISERA DRIVE,,THORNHILL,ON,L4J 0A7,CANADA,,,,43.811806,-79.453701
FASHIONS ON MAIN,1904-20 STREET,,DIDSBURY,AB,T0M 0W0,CANADA,,,,51.660793,-114.137248
FAVORITE FINDS,22709 LOUGHEED HWY,Suite #503 ,MAPLE RIDGE,BC,V2X 2V5,CANADA,,,,49.217573,-122.591956
FAWBUSH'S,8201 PLEASANT AVE. SOUTH,,BLOOMINGTON,MN,55420,USA,,855-329-2874,,44.854995,-93.282988
FAYE'S,18900 W BLUEMOUND RD, ,BROOKFIELD,WI,53045,USA,,262-241-8386,,43.037862,-88.148212
FAYE'S,1515 WEST MEQUON RD. ,UNIT #4,MEQUON,WI,53092,USA,,,,43.22101,-87.92685
FAYE'S,18900 W. BLUEMOUND RD.,,BROOKFIELD,WI,53045,USA,,262-241-8386,,43.037862,-88.148212
FELLAS HABERDASHERY AND SALON,1804 SAINT CLAIR AVE,,SAINT PAUL,MN,55105,USA,,,,44.934134,-93.176134
FIRST FLORAL HALLMARK,314 10TH STREET,,WINDOM,MN,56101,USA,,507-822-1553,,43.866698,-95.116466
FLAIR GIFTS & BOUTIQUE,29455 N CAVE CREEK ,#122,CAVE CREEK,AZ,85331,USA,,,,33.753283,-111.99005
FLAIR GIFTS & BOUTIQUE,8349 E VIA DE LA LUNA,,SCOTTSDALE,AZ,85258,USA,,480-515-3883,,33.54621,-111.899993
FLEA,134 EAST FRONT,,TRAVERSE CITY,MI,49684,USA,,,,44.763933,-85.622228
FLEURISH HOME,135 MAIN ST.,,HAMILTON,OH,45013,USA,,,,39.402897,-84.567924
FLEURISH HOME,1247 SHARKEY CT.,,HAMILTON,OH,45013,USA,,513-889-1837,,39.450902,-84.604213
FOLIES FEMININES,431 AVENUE BROCHU,,SEPT-ILES,QC,G4R 2W9,CANADA,,,,50.205901,-66.384805
FOR ELYSE,228 BROADWAY ST,,CHICO,CA,95928,USA,,530-893-0106,,39.729244,-121.841084
FOR WOMEN ONLY,#106  5102  50TH  AVENUE,,YELLOWKNIFE,NT,X1A 3S8,CANADA,,,,62.454081,-114.377385
FORME AND FUNCTION CLOTHING,1189 OLD FANNIN RD ,STE EE,BRANDON,MS,39047,USA,,,,32.377389,-90.043151
FOUND,641 COLUMBIA ST,,NEW WESTMINSTER,BC,V3M 1A7,CANADA,,,,49.202804,-122.909378
FOX & HOLLY,162 PEDDLERS VILLAGE,,NEW HOPE,PA,18931,USA,,,,40.347576,-75.034374
FOX AND HOLLY,PEDDLERS VILLAGE,#162,LAHASKA,PA,18931,USA,,215-302-4300,,40.328645,-75.10278
FRANK CLOTHIERS,673 N. PALM CANYON DRIVE,,PALM SPRINGS,CA,92262,USA,,,,33.832777,-116.546925
FRESH PRODUCE,1 NORTH FOREST BEACH RD,SUITE A6,HILTON HEAD ISLAND,SC,29926,USA,,843-842-3410,,32.142894,-80.750573
FRINGE BENEFITS,5001 50TH ST,,CAMROSE,AB,T4V 1R2,CANADA,,,,53.022073,-112.824854
FROU FROU BY PAT,159 YORK ST.,,OTTAWA,ON,K1N5T4,CANADA,,,,45.429916,-75.689619
FURBELOWS/603892 ONTARIO INC.,38 BRUCE STREET SOUTH,,THORNBURY,ON,N0H 2P0,CANADA,,,,44.563716,-80.450366
G.FACEY'S CLOTHING,57 WALTON ST,,PORT HOPE,ON,L1A 1N2,CANADA,,,,43.951353,-78.293728
GABY STYLE ET PASSION,1255 BOULEVARD DE PERIGNY,,CHAMBLY,QC,J3L 1W7,CANADA,,,,45.446469,-73.289483
GAIL ENTERPRISE,277 WATER STREET,,ST. JOHN'S,NL,A1C 1B4,CANADA,,,,47.562165,-52.708979
GALENA RIVER WINE & CHEESE,420 S MAIN ST.,,GALENA,IL,61036,USA,,,,42.413778,-90.430325
GALLERIA RIVERSIDE,1658 ROLLINS WAY,,COLUMBUS,GA,31904,USA,,,,32.535899,-84.967881
GARBO'S FASHIONS,136 FRONT STREET N,,SARNIA,ON,N7T 5S3,CANADA,,,,42.971857,-82.408368
GATHER,51 KING ST. EAST,,BOWMANVILLE,ON,L1C 1N1,CANADA,,,,43.911797,-78.6879
GAYLES FASHION,5262 ARGYLE ST,,PORT ALBERNI,BC,V9Y 1T9,CANADA,,,,49.234724,-124.800558
GEARHEAD OUTFITTERS,1948 UTICA SQUARE,,TULSA,OK,74114,USA,,918-878-9966,,36.131914,-95.964599
GEARHEAD OUTFITTERS,2203 SOUTH PROMENADE BLVD ,SUITE 3155,ROGERS,AR,72758,USA,,479-877-2541,,36.304316,-94.175244
GEARHEAD OUTFITTERS,230 S MAIN ST.,,JONESBORO,AR,72401,USA,,870-910-5569,,35.840927,-90.704773
GEARHEAD OUTFITTERS ,1701 S LINDBERGH BLVD,SUITE 80,ST. LOUIS,MO,63131,USA,,314-476-0041,,38.630484,-90.407487
GOLDEN POPPY,50 N. DUPONT HIGHWAY,,DOVER,DE,19904,USA,,302-943-9846,,39.164144,-75.517777
GOOD & PERFECT GIFTS,1243 E. REPUBLIC RD,,SPRINGFIELD,MO,65804,USA,,,,37.137833,-93.276893
GOTTA HAVE IT,2235 MAIN ST,,GLASTONBURY,CT,6033,USA,,,,41.710562,-72.608306
GRACE THE BOUTIQUE,76 ONTARIO STREET,,STRATFORD,ON,N5A 3H2,CANADA,,,,43.371649,-80.982007
GRAHAM'S STYLE STORE,890 MAIN STREET,SUITE 100,DUBUQUE,IA,52001,USA,,,,42.501541,-90.66713
GREEN AND SERENE,1012 E LAS OLAS BLVD,,FORT LAUDERDALE,FL,33301,USA,,,,26.119001,-80.132828
GROOVE,474 THAMES STREET,,NEWPORT,RI,2840,USA,,,,41.480009,-71.314211
GROVE BOUTIQUE,8635 JEWEL LN S.,,COTTAGE GROVE,MN,55016,USA,,651-231-5663,,44.8245,-92.913971
GUILD AND GENTRY,321 N MAGNOLIA ST,,LAUREL,MS,39440,USA,,601-319-9404,,31.692162,-89.130159
HARPER'S HABERDASHERY,16645 HIGHLAND RD,,BATON ROUGE,LA,70810,USA,,225-752-0062,,30.346089,-91.043015
HAZEL'S HAVEN,4120 ROGERS AVE ,SUITE 102,FORT SMITH,AR,72903,USA,,479-242-4295,,35.369203,-94.386506
HEART BOUTIQUE,30750 RUSSELL RANCH RD ,#E,THOUSAND OAKS,CA,91362,USA,,,,34.147147,-118.794794
HEBERT & BRIXI,2 BOUL. DESAULNIERS,,ST. LAMBERT,QC,J4P 1L2,CANADA,,,,45.502588,-73.513815
HEELS BOUTIQUE,121 PLAZA DRIVE,,GROVER,MO,63040,USA,,,,38.582159,-90.628069
HELLO BEAUTIFUL SALON AND BOUTIQUE,7812 MAIN ST,,FOLGELSVILLE,PA,18051,USA,,610-351-4247,,40.583556,-75.630092
HEN HOUSE,108 JEARL ST SUITE 201,,ALEDO,TX,76008,USA,,,,32.704064,-97.603769
HENRY'S OF ABERDEEN,107 EAST COMMERCE ST.,,ABERDEEN,MS,39730,USA,,,,33.825207,-88.543515
HIGH CALL OUTFITTERS,4100 10TH STREET,,GREAT BEND,KS,67530,USA,,620-679-4467,,38.36228,-98.793919
HIGH COUNTRY STYLE,121 N. MAIN ST,,WAYNESVILLE,NC,28786,USA,,828-452-3611,,35.491363,-82.987408
HOLLAND HOUSE,109 CENTRAL AVE NE,,ORANGE CITY,IA,51041,USA,,,,43.006168,-96.058082
HONEYBEE BOUTIQUE,314 E GRAND AVE,,PONCA CITY,OK,74601,USA,,,,36.703468,-97.081037
HOOKED ON FASHION,986 E 12TH ST,,BROOKLYN,NY,11230,USA,,,,40.6252,-73.964364
HOT PEPPERS CLOTHING,4911 49Th Avenue,,LLOYDMINSTER,SK,S9V 0T6,CANADA,,,,53.276673,-110.003489
HOUSE TO HOME CREATIONS,4746 HANSEN ROAD,,PADUCAH,KY,42001,USA,,270-594-5904,,37.065697,-88.693337
HOWARD'S DEPARTMENT STORE,1000 MAIN ST,,TRENTON,MO,64683,USA,,660-334-0264,,40.075287,-93.617531
HOWARDS,608 WASHINGTON ST,,CHILLICOTHE,MO,64601,USA,,,,39.794194,-93.553803
HUMPHREY'S,"28 PRINCESS ST, #102",,BROOKLIN,ON,L1M 1B2,CANADA,,,,43.95596,-78.960192
I LUV LINENS AND PEARLS,223 EAST WATER STREET,,BAINBRIDGE,GA,39817,USA,,,,30.906718,-84.575359
IDYOLOGY  CLOTHING,435 SUNRISE HWY,,LYNBROOK,NY,11563,USA,,516-825-3149,,40.654861,-73.672602
IMAGES MENS WEAR,227 MAIN ST,,CITY OF ORANGE,NJ,7050,USA,,,,40.771578,-74.227317
IMAGINE,2 CENTRAL SQUARE ST,,BRISTOL,NH,3222,USA,,603-744-6172,,43.590778,-71.736084
IMPULSE BOUTIQUE,29 MAIN STREET,,PORT WASHINGTON,NY,11050,USA,,,,40.831027,-73.685612
IN FINE FEATHER BOUTIQUE,115 E MAIN ST,,WEATHERFORD,OK,73096,USA,,580-774-9434,,35.52617,-98.707299
IN SEASON,220 N MAIN STREET ,SUITE 110,BENTONVILLE,AR,72712,USA,,479-273-6685,,36.373448,-94.208841
IN THE PINK,615 SOUTH LIVINGSTON AVENUE,,LIVINGSTON,NJ,7039,USA,,,,40.772507,-74.326306
INSPIRE COLLECTIONS MONCTON,1633  MOUNTAIN ROAD,,MONCTON,NB,E1G 4R3,CANADA,,,,46.117644,-64.83922
INSPIRE COLLECTIONS WINDSOR-GRANDFALLS,130 MAIN STREET,,WINDSOR-GRANDFALLS,NF,A2B 1G7,CANADA,,,,48.948055,-55.665698
IRMA MARIE,8174 EAST BRAINERD RD,#100,CHATTANOOGA,TN,37421,USA,,,,35.00285,-85.146974
ISN'T SHE LOVELY,276 N STATE RTE 89A D2,,SEDONA,AZ,86336,USA,,,,34.87053,-111.759984
IVY HILL BOUTIQUE,8835 LADUE ROAD,,ST LOUIS,MO,63124,USA,,314-721-7004,,38.653858,-90.350236
J. JULES FASHION,6750 W. FRONTAGE RD.,#406,MEDFORD,MN,55049,USA,,,,44.169381,-93.26112
J. LUX FASHION,1671 HOFFMAN RD,SUITE 90,GREEN BAY,WI,54311,USA,,,,44.454061,-87.999551
JACKEEZ & NICOLZ,20000 VENTURA BLVD,,WOODLAND HILLS,CA,91364,USA,,,,34.17162,-118.568584
JAKE & ED'S,314 MARY ST,,WAYCROSS,GA,31501,USA,,912-283-2545,,31.210495,-82.358167
JARBOE,1225 N ORANGE AVE,,ORLANDO,FL,32804,USA,,407-895-6878,,28.562372,-81.373011
JAX MENSWEAR,2400 10TH ST SW, #409,MINOT,ND,58701,USA,,,,48.204815,-101.310415
JAXON GREY,3177 GALLERIA,,EDINA,MN,55435,USA,,952-219-7289,,44.877309,-93.324057
JAYNE,9500 W 143RD STREET,SUITE #202,ORLAND PARK,IL,60462,USA,,,,41.63067,-87.851177
JB AND ME,36 W. 8TH ST,FLOOR 2 SUITE 100,HOLLAND,MI,49423,USA,,616-392-8902,,42.790157,-86.108507
JB BOUTIQUE,317 S WASHINGTON AVE,,NEWPORT,WA,99156,USA,,208-762-0439,,48.178584,-117.044494
JEAN COUNTRY LIVELY,17-135 REGIONAL RD 24,,LIVELY,ON,P3Y 1J1,CANADA,,,,46.4431,-81.127
JEANS AND CUTE TOP,5116 MAIN ST, ,DOWNERS GROVE,IL,60515,USA,,630-715-9372,,41.794341,-88.010735
JEANS AND CUTE TOP,123 W. WESLEY STREET,,WHEATON,IL,60187,USA,,,,41.866345,-88.107984
JEANS JACKETS & JEWELS,117 HILLTOWN VILLAGE CTR,,CHESTERFIELD,MO,63017,USA,,314-578-1433,,38.659281,-90.552377
JEANS JEANS JEANS,5575 CASGRAIN AVE,,MONTREAL,QC,H2T 1Y1,CANADA,,,,45.527399,-73.598126
JEANS UNLIMITED,68 JAMES ST,,PARRY SOUND,ON,P2A 1T5,CANADA,,,,45.345109,-80.034006
JEMS BOUTIQUE,72 QUEEN ST.,,CHARLOTTETOWN,PE,C1A 4B2,CANADA,,,,46.233046,-63.125927
JEWELS BY JEANETTE,25 WATERFORD OAKS LN,,KEMAH,TX,77565,USA,,832-692-9966,,29.548618,-95.045349
JEYAH,"LOCAL 200, 601 1ER RUE POIRE",,LA POCATIERE,QC,G0R 1Z0,CANADA,,,,47.369524,-70.035095
JIA,359 MILLBURN AVE,,MILLBURN,NJ,7041,USA,,973-379-2215,,40.723747,-74.308092
JOHN LEVIN CLOTHING,30500 AL HWY 181,STE. 216,SPANISH FORT,AL,36527,USA,,,,30.665388,-87.84758
JOHN ROBERTS,321 GEORGE STREET NORTH,,PETERBOROUGH,ON,K9H 3P9,CANADA,,,,44.304795,-78.32031
JOJO + COCO,4312 S. SETTLER DR,SUITE 120,RIDGEFIELD,WA,98642,USA,,360-431-9747,,45.815182,-122.703222
JOLI BEAUTIQUE,1745 S EASTON RD UNIT,#H2,DOYLESTOWN,PA,18901,USA,,267-488-1768,,40.275896,-75.127417
JOLIE FOLIE,305 RUE MAINE,,SHAWVILLE,QC,J0X 2Y0,CANADA,,,,45.603302,-76.489854
JONAH & SAGE,240 EAST MAIN STREET,,BOZEMAN,MT,59715,USA,,406-404-1199,,45.679037,-111.032852
JUDEE'S,1104 INDIANA AVE,,LA PORTE,IN,46350,USA,,,,41.606324,-86.718931
JUDEES,1205 E. UNIVERSITY DR. ,,GRANGER,IL,46530,USA,,219-324-6443,,41.721014,-86.165389
JUDY DESIGN,105-201 RUE ST-LOUIS,,ST JEAN SUR RICHELIEU,QC,J3B 1X9,CANADA,,,,45.371292,-73.387863
JUDY JOANNOU,83 MILL ST,,ALMONTE,ON,K0A 1A0,CANADA,,,,45.226049,-76.194528
JUMAJE,277 RTE 138,,LES ESCOUMINS,QC,G0T 1K0,CANADA,,,,48.532971,-69.261729
K C CLOTHING,133 QUEEN ST,,CHARLOTTETOWN,PE,C1A 4B3,CANADA,,,,46.234154,-63.127881
K-LEE BOUTIQUE,5712a 111 ST,,EDMONTON,AB,T6H 3G1,CANADA,,,,53.494492,-113.517764
K.LANES,600 S. TYLER ,STE W-104,WICHITA,KS,67209,USA,,316-558-8840,,37.673422,-97.442833
KATALINA'S BOUTIQUE,1682 PROVIDENCE RD,,NORTHRIDGE,MA,1534,USA,,,,42.138391,-71.645706
KATHY'S BOUTIQUE,122 N PALESTINE ST,,ATHENS,TX,75751,USA,,903-677-5448,,32.205697,-95.853594
KATIE ROSE BOUTIQUE,9610 NORTH CENTENNIAL DRIVE ,SUITE B,MUNSTER,IN,46321,USA,,,,41.550535,-87.502585
KATSCH BOUTIQUE,113 N. SATE ST.,,GENESEO,IL,61254,USA,,309-944-5656,,41.496512,-90.174607
KAUFMAN SHOES,6515 POPLAR AVENUE,ST.101,MEMPHIS,TN,38119,USA,,901-323-2616,,35.098843,-89.846069
KB & CO,2400 HWY 13 BLVD,,HIGGINSVILLE,MO,64037,USA,,660-584-5040,,39.070939,-93.734254
KEE KEE BOUTIQUE,138 WEST MAIN ST.,,WAUNAKEE,WI,53597,USA,,404-606-3124,,43.191779,-89.456561
KEMPT,175 N LUMPKIN ST,,ATHENS,GA,30601,USA,,,,33.957879,-83.377119
KFS LIMITED,27 FIRST STREET EAST,,CORNWALL,ON,K6H 1K5,CANADA,,,,45.017194,-74.726971
KIMMAN'S CO,1004 CAROLINE ST,,FREDERICKSBURG,VA,22401,USA,,540-310-4800,,38.303897,-77.459948
KINDRED SPIRIT STYLE,7040 HWY 64,,OAKLAND,TN,38060,USA,,901-235-6945,,35.229073,-89.520218
KISMET / KENSINGTON,118 - 10TH STREET NORTH WEST,,CALGARY,AB,T2N 1V3,CANADA,,,,51.052793,-114.085784
KISMET BOUTQUE,100 N SANTA CRUZL AVE ,STE #A,LOS GATOS,CA,95030,USA,,408-395-4664,,37.22439,-121.982705
KIVA,15A AVENUE CARTIER,,POINTE-CLAIRE,QC,H9S 4R5,CANADA,,,,45.553749,-73.570061
KNIGHTS CHAMBER CLOTHIERS,9707 63RD AVE N,,MAPLE GROVE,MN,55369,USA,,612-270-4143,,45.068573,-93.403438
KOLU / 0849224 BC LTD.,1950 HARVEY AVENUE,SUITE #115,KELOWNA,BC,V1Y 8J8,CANADA,,,,49.882787,-119.452117
KRISTINE'S DESIGNER CLOTHING,1214 W F ST ,STE A1,OAKDALE,CA,95361,USA,,209-844-5018,,37.760717,-120.861683
KRUSH CLOTHING BOUTIQUE,1306 GREAT NORTHERN RD,,SAULT STE MARIE,ON,P6A 5K7,CANADA,,,,46.566773,-84.3203
L 'ATOUT PRIX,6041 BOUL. BOURQUE,,SHERBROOKE,QC,J1N 1H2,CANADA,,,,45.357389,-72.014222
LA BELLE BOUTIQUE,608 -12 TH AVENUE EAST,,KINDERSLEY,SK,S0L 1S2,CANADA,,,,51.65284,-111.941574
LA CREME,1369 KING STREET NORTH,,ST.JACOBS,ON,N0B 2N0,CANADA,,,,43.537696,-80.554225
LA FLANERIE,3075 COTE-ROSEMONT,,TROIS-RIVIERES,QC,G8Y 4R9,CANADA,,,,46.340082,-72.590152
LA LA BOUTIQUE,314 N. MAIN STREET,,BLOOMINGTON,IL,61701,USA,,309-386-1397,,40.480973,-88.993933
LA NOMADE,103 PRINCIPALE,,GATINEAU,QC,J9H 3L9,CANADA,,,,45.395022,-75.845776
LAKE ROAD LIVING,371 MAIN ST,,STURBRIDGE,MA,1566,USA,,,,42.110342,-72.093185
LAVENDER BLU BOUTIQUE,300 CARLSBAD VILLAGE DRIVE ,SUITE 111,CARLSBAD,CA,92008,USA,,,,33.159345,-117.350365
LAVENDER BLUE BOUTIQUE,778 HIGUERA ST.,SUITE E,SAN LUIS OBISPO,CA,93401,USA,,,,35.280063,-120.663708
LE BEAU MAROC,9507 HARDING AVE,#2501,SURFSIDE,FL,33154,USA,,,,25.885347,-80.123541
LE CHOIX DE SOPHIE,630 SACRE-COEUR OUEST,,ALMA,QC,G8B 1L9,CANADA,,,,48.550146,-71.65046
LE PLACARD,2036 MONT-ROYAL EST,,MONTREAL,QC,H2H 2J6,CANADA,,,,45.500949,-73.572683
LE VIEUX GRENIER,433 6E AVENUE NORD,,ST-GEORGES O,QC,G5Z 0R7,CANADA,,,,46.122987,-70.671959
LEE TRACY,1000 GOVERNMENT ST.,STE C,OCEAN SPRINGS,MS,39564,USA,,,,30.413451,-88.82754
LEE TRACY,1000 GOVERNMENT STREET,SUITE 103,OCEAN SPRINGS,MS,39564,USA,,,,30.413451,-88.82754
LEE TRACY'S REMEDY,2809 DENNY AVE,,PASCAGOULA,MS,39581,USA,,228-809-5350,,30.375541,-88.533461
LELA'S BOUTIQUE,1925 E  MARKET ST ,STE 515,HARRISONBURG,VA,22801,USA,,,,38.428532,-78.844251
LEM & LUX (watch me grow),15 ARMSTRONG ST. NORTH,,NEW LISKEARD,ON,P0J 1P0,CANADA,,,,47.510163,-79.671416
LEMON CABANA,319 LASKIN RD.,,VIRGINA BEACH,VA,23451,USA,,757-417-7375,,36.85877,-75.980222
LES BIJOUX DE MICHELE,237 RUE SAINT-ETIENNE SUITE 270,,LA MALBAIE,QC,G5A 1H5,CANADA,,,,47.657525,-70.153885
LES EFFRONTES (JEAN MICHEL),1288 SAINT ANTOINE OEST APP #611,,MONTREAL,QC,H3C 0X6,CANADA,,,,45.494893,-73.569167
LES PETITS BONHEURS DE MARGUERITE,693 ROUTE 289,,SAINT-ALEXANDRE DE KAMOURASKA,QC,G0L 1G0,CANADA,,,,47.566797,-69.866867
LEWIS GIFTS,5807 YOUREE DR,,SHREVEPORT,LA,71105,USA,,318-868-6700,,32.45532,-93.721902
LEX BOUTIQUE,114 ROSEBERRY ST,,CAMPBELLTON,NB,E3N 2G8,CANADA,,,,48.00409,-66.680164
LIFESTYLES WEST ENTERPRISES INC,"102, 6212 LEXINGTON PLACE",,NANAIMO,BC,V9V 0A6,CANADA,,,,49.237144,-124.031452
LILIETH BOUTIQUE,220 MAIN ST,,LIVERPOOL,NS,B0T 1K0,CANADA,,,,44.038901,-64.715409
LILLIAN'S CLOSET,315 MCKEOWN AVE,,PATAGONIA,AZ,85624,USA,,,,31.540166,-110.75307
LILLIANS,10 CENTRAL AVE,,BUFFALO,MN,55313,USA,,,,45.17213,-93.876067
LILLIANS OF APPLETON,115 E COLLEGE AVE, ,APPLETON,WI,54911,USA,,920-277-5719,,44.261634,-88.405217
LIME LITE BOUTIQUE,1037 CANAL ST,,THE VILLAGES,FL,32162,USA,,352-633-5900,,28.908098,-81.974426
LINDA'S FASHIONS,101 SOUTH MAIN,,MAILBANK,SD,57252,USA,,605-432-5591,,45.221322,-96.63552
LINDSAY & McCAFFREY LIMITED,1160 BEAVERWOOD RD.,UNIT 9,MANOTICK,ON,K4M 1A2,CANADA,,,,45.223153,-75.682744
LINGERIE ROMEO & JULIETTE,118B RUE PRINCIPALE,,STE-AGATHE-DES-MONTS,QC,J8C 1K1,CANADA,,,,46.042734,-74.26158
LINK NYC,1079 WILLIS AVE,,ALBERTSON,NY,11507,USA,,917-589-0531,,40.77298,-73.649524
LITTLE BIRD BOUTIQUE,606 E 1ST STREET,,NEWBERG,OR,97132,USA,,563-351-6395,,45.300163,-122.974075
LITTLE BRITCHES,320 N MAIN ST,,GARDEN CITY,KS,67846,USA,,620-275-7184,,37.967352,-100.873498
LITTLE TOWN BOUTIQUE,26 MEEHAN ST   #1,,CAPREOL,ON,P0M 1H0,CANADA,,,,46.703126,-80.92209
LIV FASHION BOUTIQUE,59 WEBSTER ST,,KENTVILLE,NS,B4N 1H6,CANADA,,,,45.078404,-64.495843
LIZZY'S BOUTIQUE,119 S RAILROAD ST, ,EAGLE RIVER,WI,54521,USA,,,,45.91594,-89.252034
LOCAL 2.22 (MAISON 1455),1455 PEEL STREET,,MONTREAL,QC,H3A 1T5,CANADA,,,,45.504,-73.5747
LOIS PEARL BOUTIQUE,9127 W. SMITH ST.,,YORKTOWN,IN,47396,USA,,765-722-8388,,40.173351,-85.494252
LOLLIE & CO,2566 W 8TH ST. ,,ERIE,PA,16505,USA,,,,42.106603,-80.141409
LOLO POGI BOUTIQUE,406 BROADWAY ST. ,,TOWNSEND,MT,59644,USA,,971-221-7406,,46.320518,-111.516926
LONA MAE'S,326 W MINER ST. ,SUITE A,YREKA,CA,96097,USA,,760-207-3144,,41.732346,-122.637853
LOUELLA STYLE,227 E LANCASTER AVE,,WAYNE,PA,19087,USA,,610-293-9800,,40.044054,-75.382797
LOUSJE & BEAN BOUTIQUE,280 WELLAND AVE,,ST. CATHARINES,ON,L2R 2P9,CANADA,,,,43.168754,-79.231196
LOVE TOO PAR ,4160 3RD ST. S,,JACKSONVILLE,FL,32250,USA,,904-860-6080,,30.257194,-81.3881
LUCKY ENDZ GIFTS,239 E MAIN ST.,,HERMISTON,OR,97838,USA,,541-289-1112,,45.840355,-119.288732
LULU'S BOUTIQUE,150 NW MINNESOTA AVE,,BEND,OR,97703,USA,,541-617-8948,,44.058422,-121.31363
LUNA BLUE,2611 14 ST SW,,CALGARY,AB,T2T 3T9,CANADA,,,,51.031057,-114.094877
LYDIA'S BY CROCK AND ROCKER,220 EAST LUDINGTON,,IRON MOUNTAIN,MI,49801,USA,,,,45.820432,-88.064747
LYNN & LILY BOUTIQUE,3655 LAKE EASTBROOK BLVD SE,,GRAND RAPIDS,MI,49546,USA,,317-506-9815,,42.916976,-85.575708
MADAME BUTTERFLY,35 RUE AMBROISE FAFARD,,BAIE-SAINT-PAUL,QC,G3Z 2J2,CANADA,,,,47.440269,-70.506003
MADISON STREET SHOES,7500 MADISON ST.,,FOREST PARK,IL,60130,USA,,,,41.879652,-87.812026
MADISON'S NICHE,186 7TH STREET,,GARDEN CITY,NY,11530,USA,,516-246-9964,,40.72502,-73.634224
MADISON'S NICHE,91 MAIN STREET,,SAYVILLE,NY,11782,USA,,631-750-6566,,40.735501,-73.083837
MADISON'S NICHE,14 WALL STREET,,HUNTINGTON,NY,11743,USA,,631-683-5700,,40.871888,-73.427241
MADISON'S NICHE ,1491 OLD COUNTRY ROAD,,PLAINVIEW,NY,11803,USA,,516-246-9964,,40.779569,-73.450282
MADISON'S NICHE ,83 MAIN STREET,,STONY BROOK,NY,11790,USA,,631-364-9898,,40.917086,-73.147225
MAGNOLIA JAMES BOUTIQUE,1957 E SAMFORD AVE,SUITE B,AUBURN,AL,36830,USA,,334-750-0284,,32.603644,-85.441742
MAIN STREET BOUTIQUE,201 MAIN AVE, ,RUGBY,ND,58368,USA,,701-412-1033,,48.372342,-99.996107
MAIN STREET CLOTHING COMPANY,513 MAIN ST WEST,,WINCHESTER,ON,K0C 2K0,CANADA,,,,45.03233,-75.293458
MAIN STREET DESIGNS,2196 FIRST STREET,,LIVERMORE,CA,94550,USA,,925-449-8573,,37.681806,-121.769214
MAIN STREET DESIGNS,2196 FIRST ST.,,LIVERMORE,CA,94550,USA,,,,37.681806,-121.769214
MAIN STREET MERCANTILE,301 W MAIN,,RED RIVER,NM,87558,USA,,,,36.706648,-105.404204
MAINSTREAM BOUTIQUE CASTLE PINES,872 W HAPPY CANYON RD,,CASTLE ROCK,CO,80108,USA,,,,39.426511,-104.901395
MAINSTREAM BOUTIQUE CEDAR FALLS,936 VIKING RD. ,SUITE 105,CEDAR FALLS,IA,50613,USA,,620-252-9844,,42.483566,-92.457671
MAINSTREAM BOUTIQUE COLUMBIA,2804 DEVINE ST.,,COLUMBIA,SC,29205,USA,,,,33.99796,-81.00325
MAINSTREAM BOUTIQUE EDMOND,130 N BROADWAY STE. 120,,EDMOND,OK,73034,USA,,806-626-7195,,35.656647,-97.480898
MAINSTREAM BOUTIQUE FORT MYERS,9345 BEN C PRATT SIX MILE CYPRESS PARKWAY,SUITE 105,FORT MYERS,FL,33966,USA,,,,26.607241,-81.809638
MAINSTREAM BOUTIQUE GREENVILLE,27 S. PLEASANTBURG DRIVE,,GREENVILLE,SC,29607,USA,,,,34.84143,-82.362903
MAINSTREAM BOUTIQUE NEW LENOX,2340 E. LINCOLN HWY.,,NEW LENOX,IL,60451,USA,,815-735-5826,,41.508135,-87.921611
MAINSTREAM BOUTIQUE OF AURORA,6235 S MAIN STREET ,UNIT 113A,AURORA,CO,80016,USA,,,,39.603324,-104.709332
MAINSTREAM BOUTIQUE OF WACO,600 FRANKLIN AVE,STE 100 E,WACO,TX,76701,USA,,,,31.55439,-97.131714
MAINSTREAM BOUTIQUE SAINT JOHN,127 PARK CENTER AVE,,PONTE VEDRA,FL,32081,USA,,904-866-1182,,30.108173,-81.430143
MAINSTREAM BOUTIQUE TYLER,2376 DUELING OAKS DRIVE,SUITE 300,TYLER,TX,75703,USA,,,,32.264547,-95.342064
MAISON 1455,1455 PEEL STREET,,MONTREAL,QC,H3A 1T5,CANADA,,,,45.504,-73.5747
MAM'SELLE,1348 UNION UNIVERSITY DRIVE,SUITE A,JACKSON,TN,38305,USA,,731-668-2420,,35.684396,-88.862794
MANGO'S BOUTIQUE,1177 DUCK ROAD,SUITE#55,DUCK,NC,27949,USA,,,,36.162688,-75.751573
MANGO'S ISLAND GIFTS AND APPAREL,1 TARPON BLVD ,STE. 103,SAINT HELENA ISLAND,SC,29920,USA,,843-263-6243,,32.33524,-80.466244
MARIANNE'S  CHOCOLATES,1038 BRIDGE ST.,,ASHTABULA,OH,44004,USA,mywildflowerboutique.com,440-645-4976,,41.899506,-80.799232
MARIO PUCCI,3003 YAMATO ROAD C1,,BOCA RATON,FL,33434,USA,,561-982-8382,,26.394207,-80.146896
MARK'S WORK WEARHOUSE #833,2702-15TH AVE.,,WAINWRIGHT,AB,T9W 1L2,CANADA,,,,52.844601,-110.83238
MARLO MILLER BOUTIQUE,12349 KINGSRIDE LANE,,HOUSTON,TX,77024,USA,,713-532-8771,,29.778687,-95.546117
MARTODAM'S,115 CENTRE STREET,,MEADOW LAKE,SK,S9X 1Y2,CANADA,,,,54.126373,-108.433389
MASON'S ON MAIN ,339 3RD ST,,INTERNATIONALS FALLS,MN,56649,USA,,218-283-9750,,48.602394,-93.404902
MAYHOUSE COLLECTION,W359N5002 BROWN ST ,#106,OCONOMOWOC,WI,53066,USA,,,,43.110953,-88.461277
MCCRORY FLOWER SHOP & MARKET PLACE,107 N EDMONDS AVE,,MCCRORY,AR,72101,USA,,,,35.256687,-91.199647
MCKENZIE HONEY FARM & GIFTS,2536 WILLAKENZIE RD,,EUGENE,OR,97401,USA,,541-343-4868,,44.07959,-123.071305
MEGANS LIFESTYLE BOUTIQUE,4081 WALLER CREEK,#160,HIGHLAND VILLAGE,TX,75077,USA,,972-899-4060,,33.072969,-97.085374
MERCEDES LANE PARKSVILLE,119 CRAIG ST,,PARKSVILLE,BC,V9P 2H4,CANADA,,,,49.315364,-124.312521
MERCERIE CADIEUX,48 RUE DE LA MADONE,,MONT LAURIER,QC,J9L 1S5,CANADA,,,,46.553013,-75.495845
MI CASA,42 PINE ST. S.,,TIMMINS,ON,P4N 2J8,CANADA,,,,48.475989,-81.328148
MICHELLE'S FASHION,99 WASHINGTON ST,,FOXBOROUGH,MA,2035,USA,,,,42.084315,-71.279066
MILLER'S OF JOHNSTOWN,525 MAIN ST,,JOHNSTOWN,PA,15901,USA,,814-536-5341,,40.325062,-78.916957
MIMIBELLA,105 W. AUSTIN ST., SUITE A,ROUND TOP,TX,78954,USA,,,,30.065085,-96.696986
MINA BOUTIQUE,173 N MAIN STREET,,ST. GEORGE,UT,84770,USA,,435-619-2929,,37.111035,-113.583581
MIRABELLA FASHIONS,481 MAIN ST,,DUNEDIN,FL,34698,USA,,419-656-4583,,28.011986,-82.786148
MISS ETHIC,133 BOUL ST LUC,,SAINT LUC,QC,J2W 2G7,CANADA,,,,45.3694,-73.3137
MO JOE & ZOE ,50 S VIRGINIA ST SUITE 14,,RENO,NV,89501,USA,,619-922-6044,,39.524884,-119.811731
MOD MOUNTAIN BOUTIQUE,215 WILCOX ST ,,CASTLE ROCK,CO,80104,USA,,,,39.371386,-104.860211
MODE CACHÉ,275A BOUL SAINT JEAN,,POINTE-CLAIRE,QC,H9R 3J1,CANADA,,,,45.445306,-73.815752
MODE NICOLE  BEAULIEU 2014,982 RUE CHAMPFLOUR,,TROIS-RIVIERES,QC,G9A 1Z1,CANADA,,,,46.347125,-72.547897
MOMENTS BOUTIQUE,24 INGLIS PLACE,,TRURO,NS,B2N 4B4,CANADA,,,,45.364011,-63.276643
MONKEE'S OF CHAPEL HILL,108 MEADOWMONT VILLAGE CIR,,CHAPEL HILL,NC,27517,USA,,,,35.904727,-79.010068
MONKEE'S OF FAYETTEVILLE,322 GLENSFORD DR. ,SUITE #106,FAYETTEVILLE,NC,28314,USA,,,,35.064232,-78.963612
MONKEE'S OF MYRTLE BEACH,4822-A HIGHWAY 17 SOUTH,,NORTH MYRTLE BEACH,SC,29582,USA,,843-281-0296,,33.798307,-78.744011
MONKEE'S OF THE VILLAGE,217 REYNOLDA VILLAGE,,WINSTON-SALEM,NC,27106,USA,,336-722-4600,,36.127505,-80.286106
MONKEE'S OF WINTER PARK,444 W NEW ENGLAND AVE,SUITE: 115,WINTER PARK,FL,32789,USA,,,,28.595598,-81.355718
MONTANA RUSTIC ACCENTS,637 N 9TH ST ,STE 150,COLUMBUS,MT,59019,USA,,,,45.642568,-109.247575
MOONBEAM COUNTRY STORE,112 GOVERNMENT RD E,,KAPUSKASING,ON,P5N 1A7,CANADA,,,,49.4106,-82.408197
MORTON'S CEDARHURST,533 CENTRAL AVENUE,,CEDARHURST,NY,11516,USA,,516-978-1581,,40.62202,-73.72292
MOSELEY & HOLLARD MEN'S CLOTHING,1200 CAMELLIA BLVD ,#103,LAFAYETTE,LA,70508,USA,,337-993-3077,,30.172757,-92.040512
MOUAT'S CLOTHING CO.,106 FULFORD GANGES ROAD,,SALT SPRING ISLAND,BC,V8K 2S3,CANADA,,,,48.853122,-123.498889
MR MEERS,311 OAKWAY RD,,EUGENE,OR,97401,USA,,,,44.067235,-123.078415
MT AIRY JUNCTION BOUTIQUE,13831 MT AIRY ROAD,,NEW FREEDOM,PA,17349,USA,,717-235-0794,,39.78316,-76.664744
MTN GRL WYOMING,1291 SHERIDAN AVE.,,CODY,WY,82414,USA,,,,44.526281,-109.062285
MULDOON'S MEN'S WEAR,1506 S HASTINGS WAY,,EAU CLAIRE,WI,54701,USA,,715-832-3502,,44.802634,-91.470111
MUSCADE P.A.P.,1380 FLEURY EST,,MONTREAL,QC,H2C 1R5,CANADA,,,,45.560769,-73.657354
NANCY'S CLOSET,3480 MCNICOLL AVE UNIT# 11B,,SCARBOROUGH,ON,M1V 5A7,CANADA,,,,43.823211,-79.25304
NARCISSUS,1408 TIMBERLANE RD,,TALLAHASSEE,FL,32312,USA,,850-668-4807,,30.505061,-84.254625
NARCISSUS GAINESVILLE,2851 SW 35TH DRIVE ,SUITE 40,GAINESVILLE,FL,32608,USA,,,,29.626471,-82.375604
NARNIA,3236 YONGE STREET,,TORONTO,ON,M4N 2L4,CANADA,,,,43.728685,-79.402983
NATIVE SUN,20 PLEASANT ST. ,,NEWBURYPORT,MA,1950,USA,,978-572-1518,,42.810523,-70.871166
NATURAL CLOTHIERS  NORSK,605 MAIN ST ,#203,PARK CITY,UT,84060,USA,,,,40.645775,-111.497263
NATURAL REMEDIES,165 LARKFIELD RD,E,EAST NORTHPORT,NY,11731,USA,,,,40.878311,-73.324792
NAUTI PEARL,18 STATE ST,,NEWBURYPORT,MA,1950,USA,https://nautipearl.com/,978-572-1518,,42.810757,-70.870047
NEAR + NORTH,1733 PINE CONE ROAD SOUTH, #900,SARTELL,MN,56377,USA,,,,45.644858,-94.22231
NEECEES,1027 SHILOH CROSSING BLVD,SUITE 1,BILLINGS,MT,59102,USA,,,,45.749998,-108.613524
NEIGHBORLY,679 EAST MAIN STREET STE.B,,BLUE RIDGE,GA,30513,USA,,,,34.865766,-84.323817
NEIGHBORLY,94 HEIGHTS OVERLOOK,,CHERRY LOG,GA,30522,USA,,706-946-5664,,34.862708,-84.419036
NEPTUNE MOUNTAINEERING,633 S BROADWAY,UNIT A,BOULDER,CO,80305,USA,,303-499-8866,,39.984065,-105.249752
NEW LAUNDRY,127 N WASHINGTON AVE,,SCRANTON,PA,18503,USA,,570-344-5155,,41.407087,-75.664898
NEWPORT DRY GOODS,4066 E. HARBOR RD.,,PORT CLINTON,OH,43452,USA,,,,41.523269,-82.854602
NIC & ZOE,503 W LANCASTER AVE.,,WAYNE,PA,19087,USA,,,,40.045862,-75.401787
NIC & ZOE,73 PALMER SQUARE W,,PRINCETON,NJ,8542,USA,,,,40.349966,-74.661591
NIC & ZOE,597 NJ-35,,SHREWSBURY,NJ,7702,USA,,,,40.33245,-74.062699
NICK'S MENSWEAR ,7014 E CAMELBACK RD,,SCOTTSDALE,AZ,85251,USA,,,,33.503687,-111.928407
NORDSTROM ,500 PINE STREET,,SEATTLE,WA,98101,USA,,(206) 628-2111,,47.612103,-122.336224
NORDSTROM ,100 BELLEVUE SQUARE,,BELLEVUE,WA,98004,USA,,(425) 455-5800,,47.61526,-122.205056
NORDSTROM ,100 SOUTHCENTER MALL,,TUKWILA,WA,98188,USA,,(206) 246-0400,,47.459591,-122.260745
NORDSTROM ,4502 S. STEELE ST.,,TACOMA,WA,98409,USA,,(253) 425-3630,,47.215625,-122.469729
NORDSTROM ,828 W. MAIN AVE.,,SPOKANE,WA,99201-0904,USA,,(509) 455-6111,,47.659325,-117.424736
NORDSTROM ,3200 184TH ST. SW,,LYNNWOOD,WA,98037-4735,USA,,(425) 771-5755,,47.831225,-122.273895
NORDSTROM ,701 SW BROADWAY,,PORTLAND,OR,97205,USA,,(503) 224-6666,,45.51915,-122.680312
NORDSTROM ,9700 SW WASHINGTON SQ. RD. ,,TIGARD,OR,97223-4453,USA,,(503) 620-0555,,45.449169,-122.782013
NORDSTROM ,6191 S. STATE STREET, STE. 200,MURRAY,UT,84107,USA,,(801) 261-4402,,40.637082,-111.885096
NORDSTROM ,8465 PARK MEADOWS CENTER DR.,,LONE TREE,CO,80124,USA,,(303) 799-3400,,39.56121,-104.874764
NORDSTROM ,2810 E. FIRST AVENUE,,DENVER,CO,80206,USA,,(720) 746-2424,,39.717529,-104.955708
NORDSTROM ,55 E. GRAND AVENUE,,CHICAGO,IL,60611,USA,,(312) 464-1515,,41.89147,-87.626041
NORDSTROM ,10 OAKBROOK CENTER,,OAK BROOK,IL,60523,USA,,(630) 571-2121,,41.85254,-87.950956
NORDSTROM ,1000 NW COURT,,BLOOMINGTON,MN,55425,USA,,(952) 883-2121,,44.842664,-93.236286
NORDSTROM ,4937 OLD ORCHARD CENTER,,SKOKIE,IL,60077,USA,,(847) 677-2121,,42.056215,-87.749813
NORDSTROM ,6 WOODFIELD SHOPPING CENTER,,SCHAUMBERG,IL,60173,USA,,(847) 605-2121,,42.047408,-88.037691
NORDSTROM ,26200 CEDAR ROAD,,BEACHWOOD,OH,44122,USA,,(216) 378-2121,,41.501064,-81.4947
NORDSTROM ,2850 W. BIG BEAVER RD.,,TROY,MI,48084,USA,,(248) 816-5100,,42.562815,-83.185871
NORDSTROM ,11143 W. 95TH ST.,,OVERLAND PARK,KS,66214-1824,USA,,(913) 928-2495,,38.952025,-94.718467
NORDSTROM ,47 W. COUNTY CTR.,,DES PERES,MO,63131-3701,USA,,(314) 255-2020,,38.600849,-90.447916
NORDSTROM ,4000 WORTH AVE.,,COLUMBUS,OH,43219-6119,USA,,(614) 416-7111,,40.0545,-82.915113
NORDSTROM ,27640 NOVI RD.,,NOVI,MI,48377-3420,USA,,(248) 504-5700,,42.49179,-83.467393
NORDSTROM ,1000 ROSS PARK MALL DR.,STE 29,PITTSBURGH,PA,15237-3837,USA,,(412) 548-4295,,40.542901,-80.008472
NORDSTROM ,8702 KEYSTONE CROSSING,,INDIANAPOLIS,IN,46240,USA,,(317) 810-9809,,39.914346,-86.108972
NORDSTROM ,7801 MONTGOMERY RD.,,CINCINNATI,OH,45236-4302,USA,,(513) 699-4195,,39.200201,-84.379577
NORDSTROM ,1453 ST. LOUIS GALLERIA,,ST. LOUIS,MO,63117-1112,USA,,(314) 884-4900,,38.634777,-90.347291
NORDSTROM ,2424 MAYFAIR RD.,,WAUWATOSA,WI,53226-1410,USA,,(414) 203-6900,,43.063019,-88.043275
NORDSTROM ,12441 WAYZATA BLVD.,,MINNETONKA,MN,55305-1925,USA,,(651) 900-6800,,44.968556,-93.435211
NORDSTROM ,3333 BRISTOL STREET,,COSTA MESA,CA,92626,USA,,(714) 549-8300,,33.68958,-117.890051
NORDSTROM ,500 BREA MALL WAY,,BREA,CA,92821,USA,,(714) 529-0123,,33.914958,-117.888797
NORDSTROM ,300 LOS CERRITOS CENTER,,CERRITOS,CA,90703,USA,,(562) 924-0940,,33.862884,-118.09349
NORDSTROM ,3601 TYLER ST.,,RIVERSIDE,CA,92503-4136,USA,,(951) 351-3190,,33.909455,-117.458345
NORDSTROM ,100 THE SHOPES AT MISSION VIEJO ,,MISSION VIEJO,CA,92691-6502,USA,,(949) 347-2710,,33.605527,-117.667923
NORDSTROM ,800 SPECTRUM CENTER DR.,,IRVINE,CA,92618-4959,USA,,(949) 255-2895,,33.648626,-117.742779
NORDSTROM ,901 NEWPORT CENTER DRIVE,,NEWPORT BEACH,CA,92660,USA,,(949) 610-0700,,33.616042,-117.877643
NORDSTROM ,102 CARUSO AVENUE,,GLENDALE,CA,91210-1563,USA,,(818) 502-9922,,34.143569,-118.255802
NORDSTROM ,21725 VICTORY BLVD.,,CANOGA PARK,CA,91303-2604,USA,,(818) 592-4795,,34.187829,-118.602473
NORDSTROM ,21500 HAWTHORNE BLVD.,,TORRANCE,CA,90503,USA,,(310) 542-9440,,33.833307,-118.352475
NORDSTROM ,400 S. BALDWIN AVE., STE. 200,ARCADIA,CA,91007-1998,USA,,(626) 294-2695,,34.135231,-118.051885
NORDSTROM ,346 W. HILLCREST DR.,,THOUSAND OAKS,CA,91360-4216,USA,,(805) 418-4555,,34.183711,-118.888816
NORDSTROM ,6997 FRIARS ROAD,,SAN DIEGO,CA,92108,USA,,(619) 295-4441,,32.768716,-117.168548
NORDSTROM ,4401 LA JOLLA DRIVE,,SAN DIEGO,CA,92122,USA,,(858) 457-4575,,32.872315,-117.211542
NORDSTROM ,270 E. VIA RANCHO PARKWAY,,ESCONDIDO,CA,92025,USA,,(760) 740-0170,,33.070929,-117.064294
NORDSTROM ,7055 E. CAMELBACK RD.,,SCOTTSDALE,AZ,85251,USA,,(480) 946-4111,,33.501433,-111.929554
NORDSTROM ,3199 W. CHANDLER BL.,,CHANDLER,AZ,85226-5063,USA,,(480) 855-2695,,33.30304,-111.900949
NORDSTROM ,10250 SANTA MONICA BL.,,LOS ANGELES,CA,90067-6501,USA,,(424) 204-1177,,34.059485,-118.420449
NORDSTROM ,3200 LAS VEGAS BL. ,SUITE 710,LAS VEGAS,NV,89109-2675,USA,,(702) 862-2545,,36.13053,-115.18014
NORDSTROM ,130 HILLSDALE MALL,,SAN MATEO,CA,94403-3409,USA,,(650) 571-6475,,37.534216,-122.302578
NORDSTROM ,1200 BROADWAY PLAZA,,WALNUT CREEK,CA,94596,USA,,(925) 930-7959,,37.896994,-122.058556
NORDSTROM ,550 STANFORD SHOPPING CTR.,,PALO ALTO,CA,94304-1421,USA,,(650) 688-2589,,37.43926,-122.174094
NORDSTROM ,1870 REDWOOD HIGHWAY,,CORTE MADERA,CA,94925,USA,,(415) 927-1690,,37.930962,-122.514439
NORDSTROM ,2400 FOREST AVENUE,,SAN JOSE,CA,95158,USA,,(408) 248-2180,,37.326264,-121.948414
NORDSTROM ,285 WINSTON DR.,,SAN FRANCISCO,CA,94132-1921,USA,,(415) 753-5598,,37.72653,-122.477538
NORDSTROM ,865 MARKET STREET,,SAN FRANCISCO,CA,94103,USA,,(415) 243-8500,,37.783947,-122.407158
NORDSTROM ,1131 GALLERIA BLVD.,,ROSEVILLE,CA,95678,USA,,(916) 780-7300,,38.772051,-121.268978
NORDSTROM ,501 GARDEN STATE PLAZA,,PARAMUS,NJ,07652-2410,USA,,(732) 603-4595,,40.918572,-74.083327
NORDSTROM ,55 PARSONAGE RD.,UNIT 449,EDISON,NJ,08837-2496,USA,,(732) 603-4595,,40.547078,-74.33254
NORDSTROM ,3710 US HIGHWAY 9,,FREEHOLD,NJ,7728,USA,,(732) 308-1117,,40.253276,-74.30012
NORDSTROM ,135 WESTCHESTER AVENUE,,WHITE PLAINS,NY,10601,USA,,(914) 946-1212,,41.032169,-73.759026
NORDSTROM ,630 OLD COUNTRY RD.,,GARDEN CITY,NY,11530,USA,,(516) 746-0011,,40.739672,-73.613543
NORDSTROM ,100 N. WATER ST.,SUITE A,NORWALK,CT,O6854,USA,,(203) 642-2634,,41.097092,-73.414801
NORDSTROM ,1200 MORRIS TPKE,STE. 1007,SHORT HILLS,NJ,07078-2746,USA,,(973) 467-6455,,40.739596,-74.36529
NORDSTROM ,290 SPEEN ST.,,NATICK,MA,01760-1518,USA,,(508) 318-2600,,42.302541,-71.382698
NORDSTROM ,250 GRANITE ST.,STE. 227,BRAINTREE,MA,02184-2816,USA,,(781) 519-7200,,42.218986,-71.023476
NORDSTROM ,75 MIDDLESEX TPKE,,BURLINGTON,MA,01803-5389,USA,,(781) 345-7895,,42.481349,-71.214304
NORDSTROM ,210 ANDOVER ST.,,PEABODY,MA,01960-1647,USA,,(978) 278-7495,,42.540544,-70.947686
NORDSTROM ,8075 TYSONS CORNER CENTER,,MCLEAN,VA,22102,USA,,(703) 761-1121,,38.916187,-77.222986
NORDSTROM ,1400 S. HAYES ST.,,ARLINGTON,VA,22202-5003,USA,,(703) 414-7120,,38.862137,-77.060456
NORDSTROM ,700 FAIRMOUNT AVE.,,TOWSON,MD,21286-2821,USA,,(410) 821-4095,,39.403697,-76.597401
NORDSTROM ,7111 DEMOCRACY BL.,,BETHESDA,MD,20817-1007,USA,,(571) 434-4075,,39.02284,-77.145145
NORDSTROM ,190 N. GULPH RD.,,KING OF PRUSSIA,PA,19406,USA,,(610) 265-6111,,40.086551,-75.392334
NORDSTROM ,10300 LITTLE PATUXENT PKWY,STE 1,COLUMBIA,MD,21044-3358,USA,,(410) 772-5033,,39.215779,-76.860099
NORDSTROM ,2000 ROUTE 38,STE 100,CHERRY HILL,NJ,08002-2100,USA,,(856) 773-5588,,39.938666,-75.029093
NORDSTROM ,100 CHRISTIANA MALL,,NEWARK,DE,19702-3202,USA,,(302) 613-6000,,39.680507,-75.652961
NORDSTROM ,1450 ALA MOANA BLVD.,STE. 2950,HONOLULU,HI,96814,USA,,(808) 953-6100,,21.291154,-157.84389
NORDSTROM ,5220 ALPHA ROAD,,DALLAS,TX,75240-4316,USA,,(972) 455-2498,,32.932752,-96.821722
NORDSTROM ,1101 MELBOURNE RD. ,STE. 4000,HURST,TX,76053-6204,USA,,(817) 590-2599,,32.830761,-97.198721
NORDSTROM ,8687 N. CENTRAL EXPY.,STE. 2000,DALLAS,TX,75225,USA,,(972) 702-0055,,32.86881,-96.773557
NORDSTROM ,5192 HILDAGO ST.,,HOUSTON,TX,77056-6404,USA,,(832) 201-2795,,29.748202,-95.468948
NORDSTROM ,2901 S. CAPITAL OF TEXAS HIGHWAY,,AUSTIN,TX,78746,USA,,(512) 691-3500,,30.256216,-97.810685
NORDSTROM ,15900 LA CANTERA PARKWAY,,SAN ANTONIO,TX,78256,USA,,(210) 332-1900,,29.593404,-98.618436
NORDSTROM ,3111 PALM WAY,,AUSTIN,TX,78758-7887,USA,,(512) 605-4900,,30.4025,-97.720511
NORDSTROM ,1201 LAKE WOODLANDS DR.,STE. 300,THE WOODLANDS,TX,77380,USA,,(832) 562-4880,,30.163405,-95.457494
NORDSTROM ,4400 SHARON RD.,,CHARLOTTE,NC,28211,USA,,(704) 442-6000,,35.152224,-80.832324
NORDSTROM ,6910 FAYETTEVILLE RD. ,STE. 500,DURHAM,NC,27713-8271,USA,,(919) 572-5275,,35.904136,-78.941764
NORDSTROM ,2130 ABBOTT MARTIN RD.,,NASHVILLE,TN,37215-2607,USA,,(615) 850-6700,,36.106313,-86.816223
NORDSTROM ,4390 ASHFORD DUNWOODY RD. NE,,ATLANTA,GA,30346,USA,,(770) 394-1141,,33.922426,-84.338664
NORDSTROM ,5820 GLADES ROAD,,BOCA RATON,FL,33431,USA,,(561) 620-5555,,26.368549,-80.136073
NORDSTROM ,4310 PONCE DE LEON BL.,,CORAL GABLES,FL,33146-1829,USA,,(786) 999-7195,,25.731678,-80.258896
NORDSTROM ,2223 N. WESTSHORT BLVD.,,TAMPA,FL,33607,USA,,(813) 875-4400,,27.96314,-82.518484
NORDSTROM ,3500 PEACHTREE RD. NE,,ATLANTA,GA,30326-1222,USA,,(404) 442-3095,,33.853799,-84.363185
NORDSTROM ,19507 BISCAYNE BL.,,AVENTURA,FL,33180-2314,USA,,(305) 356-6895,,25.95728,-80.145264
NORDSTROM ,4835 TOWN CROSSING DR.,,JACKSONVILLE,FL,32246-8577,USA,,(904) 672-2200,,30.253561,-81.526692
NORTHERN ROOTS BOUTIQUE,2550 S. COLUMBIA RD.,SUITE H,GRAND FORKS,ND,58201,USA,,701-757-4277,,47.894767,-97.067933
OAKRIDGE FASHION INC.,14800 YONGE STREET,,AURORA,ON,L4G 1N3,CANADA,,,,43.987842,-79.466911
OAKVILLE HOSPITAL,3001 HOSPITAL GATE,,OAKVILLE,ON,L6M 0L8,CANADA,,,,43.449516,-79.763514
OCEANIA IMPORTS,204 CAPITOLA AVENUE,,CAPITOLA,CA,95010,USA,,831-476-6644,,36.973113,-121.951325
ODYSSEY BOUTIQUE,1154 HAMBURG TURNPIKE A,,WAYNE,NJ,7470,USA,,973-696-6595,,40.960472,-74.240463
OFF THE HANGER,55 W. 10TH ST. ,,TRACY,CA,95376,USA,,,,37.738831,-121.427569
OLIVE & IRON,108 N HIGGINS AVE,,MISSOULA,MT,59802,USA,,406-541-4766,,46.870447,-113.99478
OLIVE & KAY,28 DAVISON DRIVE  UNIT 100,,BRIDGEWATER,NS,B4V 3T2,CANADA,,,,44.379732,-64.515733
OLIVE YOU BOUTIQUE,118 MERIDIAN WAY SUITE I,,RICHMOND,KY,40475,USA,,859-625-1328,,37.734676,-84.335281
OLIVIA'S,310 COURT ST. NE,,SALEM,OR,97301,USA,,,,44.941283,-123.039765
OPAL ROSE,4067 WASHINGTON RD.,,MCMURRAY,PA,15317,USA,,,,40.265746,-80.127799
ORCHID HEART BOUTIQUE,5121 MAIN ST.,SUITE 2,DOWNERS GROVE,IL,60515,USA,,,,41.794343,-88.009978
OUT OF THE BLUE,22-455 BOWEN TRUNK RD.,,BOWEN ISLAND,BC,V0N 1G0,CANADA,,,,49.441558,-123.345035
PACKER'S FASHION,409 MAIN STREET,,SELKIRK,MB,R1A 1V2,CANADA,,,,50.145131,-96.87257
PAISLEY BOUTIQUE,#23 - 312  5 TH AVENUE WEST,,COCHRANE,AB,T4C 2E3,CANADA,,,,51.189511,-114.475596
PALACE CLOTHIERS,309 MAIN ST,,CEDAR FALLS,IA,50613,USA,,319-260-2202,,42.535583,-92.445919
PAMELA'S,3836 MAIN ST,,JORDAN STATION,ON,L0R 1S0,CANADA,,,,43.1492,-79.370303
PANACHE APPAREL & ACCESSORIES INC.,9364 THREE RIVERS RD. STE A,,GULFPORT,MS,39503,USA,,228-822-0120,,30.427135,-89.084123
PARKWAY GARDENS MAGNOLIA'S,1201 OXFORD ST. WEST,,LONDON,ON,N6H 5E1,CANADA,,,,42.97553,-81.322512
PARPAR,649 ST CLAIR AVENUE EST,,TORONTO,ON,M6C 1A7,CANADA,,,,43.68176,-79.424373
PARTS UNKNOWM CAMBRIA,4210 BRIDGE ST ,#1,CAMBRIA,CA,93428,USA,,,,35.564622,-121.081451
PARTS UNKNOWN CARMEL,208 OCEAN AVE,#208,CARMEL-BY-THE-SEA,CA,93921,USA,,,,36.598321,-121.880453
PARTS UNKNOWN DURANGO,777 MAIN AVE,,DURANGO,CO,81301,USA,,,,37.272085,-107.881352
PARTS UNKNOWN EUREKA SPRINGS,26 SOUTH MAIN STREET,,EUREKA SPRINGS,AR,72632,USA,,,,36.401302,-93.737759
PARTS UNKNOWN FORT WORTH,410 HOUSTON STREET,,FORT WORTH,TX,76102,USA,,682-312-8292,,32.754226,-97.33229
PARTS UNKNOWN FREDERICKSBURG,146 EAST MAIN STREET,,FREDERICKSBURG,TX,78624,USA,,830-997-2055,,30.274321,-98.870899
PARTS UNKNOWN RUIDOSO,2316 SUDDERTH DR,,RUIDOSO,NM,88345,USA,,,,33.331281,-105.669264
PARTS UNKNOWN SANTA FE,123 W SAN FRANCISCO ST. ,,SANTA FE,NM,87501,USA,,,,35.687562,-105.940044
PARTS UNKNOWN SOLVANG,1662 COPENHAGEN DRIVE,,SOLVANG,CA,93463,USA,,805-686-9000,,34.594803,-120.139633
PATCHOULI'S,503 CHEBUCTO STREET,,BADDECK,NS,B0E 1B0,CANADA,,,,46.100677,-60.750465
PB AND J,110 N SANTA FE AVE,#2616,SALINA,KS,67401,USA,,,,38.841072,-97.608726
PEAK HEALTH & WELLNESS,5000 BLUE MOUNTAIN RD,,MISSOULA,MT,59804,USA,,406-251-3344,,46.82487,-114.078529
PEARL RIVER RESORT,13541 HIGHWAY 16 WEST,,CHOCTAW,MS,39350,USA,,601-663-1310,,32.782134,-89.257406
PEARLS OF GRACE BOUTIQUE & GIFTS,1112 N  BRINDLEE MOUNTAIN PKWY,,ARAB,AL,35016,USA,,256-506-8209,,34.33339,-86.503091
PENCIE AND GINGER,1455 FIRST ST,SUITE 2,ESCALON,CA,95320,USA,,,,37.793964,-120.99438
PENNER'S,311 W COMMERCE ST,,SAN ANTONIO,TX,78205,USA,,210-226-2487,,29.425333,-98.496
PERREFITTE HOME & GIFTS,117 S 4TH ST,,CHICKASHA,OK,73018,USA,,405-320-0354,,35.050952,-97.936737
PHIA,1 BROCK STREET ,SUITE 1,COHESSET,MA,2025,USA,,,,42.239819,-70.800742
PHITCETERA,"1201 LARRY UTECK BLVD, UNIT 106",,BEDFORD,NS,B4B 0S9,CANADA,,,,44.701691,-63.701428
PINK MAGNOLIA BOUTIQUE,3021 VILLAGE MARKET PLACE,,MORRISVILLE,NC,27560,USA,,919-561-1769,,35.807466,-78.818206
PINK ORCHID SALON & BOUTIQUE,1510 S HASTINGS WAY,,EAU CLAIRE,WI,54701,USA,,715-579-0270,,44.802475,-91.470066
PINK STABLE,1032 BROAD ST,,CAMDEN,SC,29020,USA,,,,34.245247,-80.606814
PIPER AND ALLY,5325 CORDOVA BAY RD,,VICTORIA,BC,V8Y 2L3,CANADA,,,,48.5295,-123.3726
PIPPA & PRUE,312 DUNDAS ST E#1,,WATERDOWN,ON,L0R 2H0,CANADA,,,,43.333498,-79.892442
PISTACHIO BOUTIQUE,16081 24TH AVE,UNIT Vl2,SURREY,BC,V3S 9H7,CANADA,,,,49.046344,-122.776681
POOH'S PLACE,131 DOUGLASAVE,,BEAVER,OK,73932,USA,,405-226-9769,,36.834113,-100.51773
POPE'S CLOTHIERS,748 AZALEA DRIVE,,SHREVEPORT,LA,71106,USA,,318-768-1804,,32.458457,-93.744909
POPLAR & BIRCH,213 MATHESON ST. S.,,KENORA,ON,P9N 1V1,CANADA,,,,49.770485,-94.485395
POPPY - SOPHIA BOUTIQUE,911 EMBARCADERO,,MORRO BAY,CA,93442,USA,,805-771-9750,,35.367126,-120.853898
PORT SANDFIELD MARINA,1327 PENINSULA ROAD,,PORT SANDFIELD,ON,P0B 1J0,CANADA,,,,45.116256,-79.622528
POSH,2016 QUEEN STREET WEST,,TORONTO,ON,M4L 1J3,CANADA,,,,43.670455,-79.299181
POSH NORTH BOUTIQUE,2480 W HAPPY VALLEY RD. ,,PHOENIX,AZ,85085,USA,,602-369-0203,,33.713038,-112.112812
POSH PINEAPPLE,330 CANAL ST. ,,NEW SMYRNA BEACH,FL,32168,USA,,,,29.024257,-80.924021
PRAGAI COUTURE,91A RUE STE-ANNE,,STE-ANNE-DE-BELLEVUE,QC,H9X 1L9,CANADA,,,,45.417426,-73.915364
PRIMITIVE CREEK,65 MAIN ST,,SEAFORTH,ON,N0K 1W0,CANADA,,,,43.551851,-81.394873
PROMENADE GREENE,1334 GREENE AVENUE,,WESTMOUNT,QC,H3Z 2B1,CANADA,,,,45.487151,-73.590703
PROMENADES COP COPINE,40 PLACE DU COMMERCE,,VERDUN,QC,H3E 1J6,CANADA,,,,45.466744,-73.54333
PURPLE POPPY,5800 MERLE HAY RD,SUITE #5,JOHNSTON,IA,50131,USA,,515-975-4833,,41.666295,-93.698984
QUEEN FASHION,100 - 4TH AVENUE,,ST.CATHERINES,ON,L2S 3P3,CANADA,,,,43.1552,-79.263657
QUEST SHOES & APPAREL,1060 SHOPPERS ROW,,CAMPBELL RIVER,BC,V9W 2C6,CANADA,,,,50.026112,-125.244822
R LITTLE SECRET,401 LA SALLE BLVD,,SUDBURY,ON,P3A 1W7,CANADA,,,,46.49272,-80.991211
RACHEL'S ROOM,44 4TH STREET UNIT #3,,CHATHAM,ON,N7M 2G2,CANADA,,,,42.404732,-82.187278
RADIANT OUTFITTERS,45 SW OSCEOLA ST. ,,STUART,FL,34994,USA,,772-872-6595,,27.19949,-80.253859
RAGS,4 DOCK ST,,EDGARTOWN,MA,2539,USA,,,,41.389289,-70.512035
RAILROAD ST. BOUTIQUE,18 7TH AVENUE,,NEW GLARUS,WI,53574,USA,,,,42.813845,-89.633191
RAIMENT & BOON,29 PUBLIC SQUARE,,ELIZABETHTOWN,KY,42701,USA,,,,37.693621,-85.858061
REBECCA'S LADIES FASHIONS & ACCESSORIES,9123 STRADA PLACE ,UNIT# 7110,NAPLES,FL,34108,USA,,239-591-1234,,26.25329,-81.79814
REFORM LIFESTYLE BOUTIQUE,15 BROADWAY,,CRESSKILL,NJ,7626,USA,,201-394-3581,,40.939129,-73.961817
RENAISSANCE MARKET,902 HARDING ST,,LAFAYETTE,LA,70503,USA,,337-234-1116,,30.20752,-92.016053
RENDEZ VOUS,118 ST. JEAN BAPTISTE EST.,,MONTMAGNY,QC,G5V 1K5,CANADA,,,,46.982633,-70.555916
RESPLENDENT BOUTIQUE,14 PUBLIC SQUARE,,LAWRENCEBURG,TN,38464,USA,,931-201-8038,,35.240483,-87.334497
RETAIL THERAPY BOUTIQUE,10659 OCEAN HIGHWAY,,PAWLEYS ISLAND,SC,29585,USA,,,,33.440868,-79.125838
RIVERS CLOTHING COMPANY,503 MAIN STREET,,FRISCO,CO,80443,USA,,,,39.576254,-106.09648
ROBERTS & CO,122 THAMES ST. S.,,INGERSOLL,ON,N5C 2T4,CANADA,,,,43.03859,-80.883188
ROBIN'S NEST,N89 W 16389 MAIN ST.,,MENOMONEE FALLS,WI,53051,USA,,262-255-2330,,43.179226,-88.110967
ROCKY ROAD BOUTIQUE,407 N STATE ST HWY 13,,STETSONVILLE,WI,54480,USA,,715-965-4428,,45.080873,-90.31485
ROOTED BOUTIQUE,505 6TH STREET,SUITE D,SIOUX CITY,IA,51101,USA,,,,42.496634,-96.404506
ROSSLOW'S ,105 S 2ND ST,,FT PIERCE,FL,34950,USA,,772-461-1222,,27.447204,-80.323977
RUBY,100 N CATE ST.,,HAMMOND,LA,70401,USA,,985-345-4745,,30.504145,-90.460808
RUBY LOU,130 N. 8TH ST. ,,BOISE ,ID,83702,USA,SHOPRUBYLOU.COM,208-333-9610,,43.615811,-116.20307
RUSTIC ROSE,478 S. WASHINGTON ST,,AFTON,WY,83110,USA,,,,42.723648,-110.934468
RUSTIC ROUTES,20 MILL ST,,STERLING,ON,K0K 3E0,CANADA,,,,44.296781,-77.547273
SABAN & CO,205 LAVERENDRYE BLVD,,MORDEN,MB,R6M 0C9,CANADA,,,,49.19333,-98.07897
SADIE GRACE BOUTIQUE,530 S. BROADWAY ST.,,GREENVILLE,OH,45331,USA,,937-732-5016,,40.100141,-84.63107
SAGE BOUTIQUE,8198 N GOVERNMENT WAY,,HAYDEN,ID,83835,USA,,,,47.746086,-116.785947
SAMUEL & CO APPAREL LTD.,102 HOBSONS LAKE DRIVE,,HALIFAX,NS,B3S 0G4,CANADA,,,,44.639146,-63.675373
SARA'S BOUTIQUE & GIFTS,407 RONA DR,,LAFAYETTE,LA,70508,USA,,,,30.186593,-92.047719
SARA'S BOUTIQUE & GIFTS,216 BALD EAGLE DR,,LAFAYETTE,LA,70508,USA,,337-984-8009,,30.118378,-92.05684
SASSY BEE,11400 HUGUENOT RD,SUITES 114 & 115,MIDLOTHIAN,VA,23113,USA,,804-794-6363,,37.525191,-77.609702
SASSY BOUTIQUE,1472 HIGH STREET,,WESTWOOD,MA,2090,USA,,781-551-0273,,42.203957,-71.242382
SCHEELS,2901 BROOKS ST.,,MISSOULA,MT,59801,USA,,,,46.847757,-114.027422
SCHON BOUTIQUE,316 N. WABASH AVE.,,EVANSVILLE,IN,47712,USA,,,,37.981197,-87.594219
SCRUPLES,5446 FM 1960 RD,,HOUSTON,TX,77069,USA,,,,29.981418,-95.511385
SENSE OF INDEPENDANCE,526 LAWRENCE AVENUE WEST,,TORONTO,ON,M6A 1A2,CANADA,,,,43.720096,-79.432053
SERAPE BLEU,164 N TEGNER ST,,WICKENBURG,AZ,85390,USA,,,,33.96966,-112.731629
SERAPLE BLEU,144 N. TEGNER,,WICKENBURG,AZ,85390,USA,,,,33.969779,-112.731446
SERENDIPITY BTQ,3124 HEIGHTS VILLAGE,,VESTAVIA,AL,35243,USA,,205-970-2398,,33.455646,-86.734944
SETLAKWE MODE,188 NOTRE DAME O,,THETFORD MINES,QC,G6G 5T8,CANADA,,,,46.088306,-71.302493
SEW U.P STYLE CO.,7344 MAIN ST,,MACKINAC ISLAND,MI,49757,USA,,,,45.848856,-84.618521
SEW U.P STYLE CO.,1195 N. STATE ST,,SAINT IGNACE,MI,49781,USA,,906-630-2813,,45.892074,-84.72774
SHARINGTONS,388 ELIZABETH AVE,,ST. JOHN'S,NL,A1B 1V2,CANADA,,,,47.565366,-52.738656
SHE'S SMITTEN,300 WEST NORFOLK AVENUE,,NORFOLK,NE,68701,USA,,,,42.033131,-97.410389
SHELMERDINE,7800 ROBLIN BLVD,,HEADINGLEY,MB,R4H 1B2,CANADA,,,,49.858417,-97.381433
SHERIDAN NURSERIES ETOBICOKE,#26 ETOBICOKE GARDEN CENTRE,,MISSISSAUGA,ON,L4X 2S7,CANADA,,,,43.680157,-79.750892
SHERIDAN NURSERIES KITCHENER,#37 KITCHENER GARDEN CENTRE,,KITCHENER,ON,N2E 1H6,CANADA,,,,43.4106,-80.5011
SHERIDAN NURSERIES MISSISSAUGA,#32 MISSISSAUGA/OAKVILLE GARDEN CENTRE,,MISSISSAUGA,ON,L5J 2Y4,CANADA,,,,43.548825,-79.591343
SHERIDAN NURSERIES SCARBOROUGH,#22 SCARBOROUGH GARDEN CENTRE,,SCARBOROUGH,ON,M1H 2V5,CANADA,,,,43.674171,-79.284723
SHERIDAN NURSERIES WHITBY,#25 WHITBY GARDEN CENTRE,,WHITBY,ON,L1P 2A9,CANADA,,,,43.8866,-78.975
SHOES N'SUCH,90 LAKESHORE DR.NE,,SALMON ARM,BC,V1E 1A1,CANADA,,,,50.701924,-119.284497
SHOO SHOO BABY,117 S. BOYD ST.,,WINTER GARDEN,FL ,34787,USA,,,,28.564758,-81.58656
SHOP HARROW,B1 10177 125 STREET NW,,EDMONTON,AB,T5M 0M2,CANADA,,,,53.542718,-113.53747
SHOPPER'S,851 2ND ST. E.,,OWEN SOUND,ON,N4K 2H2,CANADA,,,,44.552124,-80.939402
SILVER WINGS BOUTIQUE,2855 W WASHINGTON ST.,,STEPHENVILLE,TX,76401,USA,,,,32.203394,-98.242267
SIMPLY STERLING & CO,5275 ROBINHOOD VILLAGE DR.,,WINSTON SALEM,NC,27106,USA,,336-896-0077,,36.122577,-80.366899
SMITH & COMPANY,211 FULTON ST,,GREENWOOD,MS,38930,USA,,,,33.520168,-90.18358
SOLE DISCRETION,1-124 3RD AVE,,STRATHMORE,AB,T1P 1K1,CANADA,,,,51.043549,-113.399848
SOLE MATES,211 S GILLETTE AVE,,GILLETTE,WY,82716,USA,,307-689-9485,,44.29274,-105.503803
SOLO MODE,235 HERIOT,,DRUMMONDVILLE,QC,J2C 6X5,CANADA,,,,45.884948,-72.488472
SOMETHING 2 WEAR,326 ASPEN GLEN LANDING SW,,CALGARY,AB,T3H 0N5,CANADA,,,,51.038394,-114.200505
SOPHIA BOUTIQUE,7578 FREDLE DRIVE,,PAINESVILLE,OH,44077,USA,,,,41.664728,-81.241505
SORELLINA BOUTIQUE,25 ORCHARD VIEW DR,,LONDONDERRY,NH,3053,USA,,603-818-8015,,42.857662,-71.356102
SOUTH COAST CASUALS,5028 48TH AVENUE,,DELTA,BC,V4K 1V8,CANADA,,,,49.090359,-123.084222
SOUTHERN MUSE,2140 W. POPLAR AVE.,SUITE #104,COLLIERVILLE,TN,38017,USA,,,,35.052699,-89.734311
SPANNER LIMITED,"190 JOZO WEIDER BLVD, UNIT D4A",,BLUE MOUNTAINS,ON,L9Y 3Z2,CANADA,,,,44.496505,-80.217018
SPORTS DEN,1350 FOOTHILL DR,,SALT LAKE CITY,UT,84108,USA,,801-582-5611,,40.74047,-111.826713
SPORTS EXPERTS DAUDELIN,1293 RUE L'ANNONCIATION S.,,RIVIERE-ROUGE,QC,J0T 1T0,CANADA,,,,46.409931,-74.870796
SPORTS EXPERTS SHERBROOKE,350 BOULEVARD PORTLAND,,SHERBROOKE,QC,J1L 1K1,CANADA,,,,45.403674,-71.923637
STEAMBOAT DRY GOODS,136 STEWART LOOP,,BOZEMAN,MT,59718,USA,,406-525-3288,,45.723449,-111.186226
STEPPING OUT,21 TALBOT ST. N,,ESSEX,ON,N8M 1A5,CANADA,,,,42.174307,-82.821002
STILE FASHION ACCESSORIES,801 MAIN STREET,,MONCTON,NB,E1C 1G1,CANADA,,,,46.088361,-64.778932
STIRLING ARTS BTQ,504 MAIN RD.,,HUDSON,QC,J0P 1H0,CANADA,,,,45.464465,-74.150848
STUDIO B,105 DUNDAS STREET WEST,,TRENTON,ON,K8V 3P4,CANADA,,,,44.099901,-77.577572
STUDIO BOUTIQUE,195 WATER STREET,,CARBONEAR,NF,A1Y 1B6,CANADA,,,,47.738634,-53.225843
STUDIO STYLE,215 MAIN STREET,,PORT STANLEY,ON,N5L 1C4,CANADA,,,,42.665531,-81.211654
STUNNING,700 SUSSEX DR,,OTTAWA,ON,K1N 1K4,CANADA,,,,45.425845,-75.69409
STYLE BOUTIQUE,827 WARD ST,,BRIDGENORTH,ON,K0L 1H0,CANADA,,,,44.379489,-78.384734
STYLE FINDER,4421 SIX FORKS RD., SUITE #104,RALEIGH,NC,27609,USA,,,,35.840181,-78.643502
STYLE NICHE BOUTIQUE,2930 146TH STREET W,SUITE 111,ROSEMOUNT,MN,55068,USA,,952-237-7491,,44.737519,-93.125396
SUBLIME FASHIONS,4555B MARINE AVENUE,,POWELL RIVER,BC,V8A 2K5,CANADA,,,,49.839187,-124.527895
SUIT YOURSELF,1496 LOWER WATER STREET,,HALIFAX,NS,B3J 3R5,CANADA,,,,44.644258,-63.570064
SUNFLOWERS,500 WASHINGTON ST. MALL,,CAPE MAY,NJ,8204,USA,,609-435-5331,,38.932674,-74.922695
SUTTLES & SEAWINDS,466 MAIN ST,,MAHONE BAY,NS,B0J 2E0,CANADA,,,,44.44902,-64.384245
SWEET SAILING,120 RITTENHOUSE AVE.,,BAYFIELD,WI,54814,USA,,,,46.810809,-90.81536
TAKE IT OUTSIDE,196 HECTOR GATE,,DARTMOUTH,NS,B3B 0E6,CANADA,,,,44.706013,-63.560806
TALK O' THE TOWN,19555  OPEONGO LINE,,BARRY'S BAY,ON,K0J 1B0,CANADA,,,,45.488297,-77.678879
TEMPTATIONS,11274 S FORTUNA RD,,YUMA,AZ,85367,USA,,928-305-0662,,32.667734,-114.447566
TERI ANN'S,290 FRONT ST.,,MARIETTA,OH,45750,USA,,,,39.4143,-81.455562
THALICIA,C.P. 726,,MONTREAL,QC,H5B 1B8,CANADA,,,,45.497216,-73.610364
THE 3 GRACES,122 MAIN ST.,,LUDLOW,VT,5149,USA,,203-240-1201,,43.395934,-72.698553
THE 308 BOUTIQUE,320 WEST AVENUE,,HOLDREGE,NE,68949,USA,,308-293-5366,,40.429207,-99.325955
THE 308 BOUTIQUE,725 N. 210,SUITE 130,ELKHORN,NE,68022,USA,,,,41.266199,-96.243557
THE BIRD CAGE BOUTIQUE,4706 B STARKEY RD,,ROANOKE,VA,24018,USA,,540-556-2421,,37.22196,-79.985196
THE CAPSULE WARDROBE,111 WEST BELL, UNIT A,GLENDIVE,MT,59330,USA,,,,47.104427,-104.714346
THE CLAN SHOPPE LIMITED,47 MAIN ST,,BRIGHTON,ON,K0K 1H0,CANADA,,,,44.277272,-77.125387
THE CLOTHING STORE,#8 VILLAGE DR.,,WESTEROSE,AB,T0C 2V0,CANADA,,,,52.962292,-114.027501
THE COTTAGE CLOTHING CO,26A 215 PORT AUGUSTA ST,,COMOX,BC,V9M 3M9,CANADA,,,,49.672534,-124.926051
THE COTTAGE CLOTHING COURTNEY,238 5TH STREET,,COURTNEY,BC,V9N 1J6,CANADA,,,,49.691077,-124.997782
THE COTTAGE ON MAIN,149 MAIN STREET,,ANNAPOLIS,MD,21401,USA,,,,38.977566,-76.489335
THE COUNTRY BARN,2615 INWOOD RD,,INWOOD,ON,N0N 1K0,CANADA,,,,42.782203,-81.982938
THE COUNTY LINE,17 TORONTO ST,,MARKDALE,ON,N0C 1H0,CANADA,,,,44.31863,-80.647311
THE DIAMOND SHOP,700 MAIN ST.,,LEWISTON,ID,83501,USA,,,,46.420704,-117.024785
THE FARMERS DAUGHTER,1901 E. FIRE TOWER RD. ,UNIT 100,GREENVILLE,NC,27871,USA,,,,35.566333,-77.355652
THE FRENCH SHOPPE,6049 HIGHWAY 100,,Nashville, TN,37205,USA,,,,36.097915,-86.872351
THE GRADY MARKET,76 WATER STREET,,APALACHICOLA,FL,32320,USA,,850-653-4099,,29.725182,-84.981371
THE GRAND AMERICA HOTEL,555 SOUTH MAIN STREET,,SALT LAKE CITY,UT,84111,USA,,801-258-6724,,40.757419,-111.890041
THE LEATHER HOUSE,162 WATER STREET,,ST. ANDREW,NB,E5B 1B2,CANADA,,,,45.074454,-67.054234
THE LITTLE PINK DOOR,111 - 2120 DOLLARTON HWY,,NORTH VANCOUVER,BC,V7H 0B5,CANADA,,,,49.3551,-122.9802
THE LONELY GUY,314 RIDGE ROAD N,,RIDGEWAY,ON,L0S 1N0,CANADA,,,,42.883359,-79.051634
THE MARKET AT 76067,100 SOUTH OAK AVE.,,MINERAL WELLS,TX,76067,USA,,,,32.809009,-98.113191
THE MARKET PLACE,120 E. MEADOW STREET,,VIDALIA,GA,30474,USA,,912-293-3512,,32.218018,-82.412103
THE OLD MILL,82790 LONDON ROAD,,BLYTH,ON,NOM 1H0,CANADA,,,,43.736599,-81.429402
THE PALM ON CHESTNUT,1203-B CHESTNUT ST.,,MURRAY,KY,42071,USA,,,,36.616856,-88.316495
THE PALM TREE BOUTIQUE,6322 N. NAVARRO,,VICTORIA,TX,77904,USA,,,,28.854478,-96.996441
THE PEARL PORCH BOUTIQUE,510 E LIBERTY ST,,BROOKSVILLE,FL,34601,USA,,352-754-5111,,28.553975,-82.380969
THE PINK NICKEL,108 BARTRAM OAKS WALK,STE 107,FRUIT COVE,FL,32259,USA,,904-230-9288,,30.123328,-81.62318
THE PRETTY PINK ROOSTER,115 MORRISTOWN RD,SUITE A,BERNARDSVILLE,NJ,7924,USA,,908-955-8484,,40.720011,-74.559624
THE RIVERLANE,20 NIBANG AVENUE,,OLD SAYBROOK,CT,6475,USA,,347-267-5341,,41.273922,-72.353658
THE SANDBOX IN THE CITY,616 MAIN ST. EAST,UNIT 110,SASKATOON,SK,S7H 0J6,CANADA,,,,52.116808,-106.638127
THE SHOPPE AT THE BELLEVU,11200 SE 6TH ST,,BELLEVUE,WA,98004,USA,,425-688-3382,,47.605532,-122.189373
THE STORE UPSTAIRS,101-209 CENTRE AVE.,,AIRDRIE,AB,T4B 3L8,CANADA,,,,51.291171,-114.010926
THE WARDROBE ,117 D STREET,,DAVIS,CA,95616,USA,,530-400-5511,,38.542329,-121.742227
THE WISHING WELL BOUTIQUE,341 COTTON ROW,,CLEVELAND,MS,38732,USA,,,,33.747931,-90.721806
THERAPY,485 ACADEMY ROAD,,WINNIPEG,MB,R3N 0C9,CANADA,,,,49.874266,-97.191903
THREE LITTLE BIRDS,131 W CHOCOLATE AVENUE, SUITE 120,HERSHEY,PA,17003,USA,https://tlbboutique.com/,,,40.28429,-76.654121
THREE LITTLE BIRDS,6455 CARLISLE PIKE,SUITE 2B,MECHANICSBURG,PA,17050,USA,,,,40.245906,-77.014999
THREE WILD WOMEN,263 RICHMOND RD,,OTTAWA,ON,K1Z 6X1,CANADA,,,,45.393769,-75.750824
THREE WISHES,370 MAIN STREET,,PENTICTON,BC,V2A 5C3,CANADA,,,,49.497537,-119.591442
TIDES OF ANACORTES,719 COMMERCIAL AVE.,,ANACORTES,WA,98221,USA,,360-929-9255,,48.516025,-122.612338
TOWN & COUNTRY,62 PEMBROKE ST. W.,,PEMBROKE,ON,K8A 5M6,CANADA,,,,45.825774,-77.114256
TOWNE EMPORIUM,8 MAIN ST. W.,,KINGSVILLE,ON,N9Y 1H1,CANADA,,,,42.038031,-82.740044
TRE BOUTIQUE,2690 VIA DE LA VALLE ,SUITE D240,DEL MAR,CA,92014,USA,,858-755-0511,,32.981202,-117.25043
TRE'S CHIC BOUTIQUE,201 E MAIN ST.,,BRENHAM,TX,77833,USA,,,,30.167665,-96.397288
TRENDY'S CLOTHING LTD,UNIT 1 - 4045 SOUTH RIVER RD,,ANTIGONISH,NS,B2G 2H6,CANADA,,,,45.616509,-61.965986
TRIXIE INC.,2313 BLOOR STREET WEST,,TORONTO,ON,M6S 1P1,CANADA,,,,43.650162,-79.479646
TRU BLUE BOUTIQUE,201 N RIVERSIDE,SUITE C4,ST. CLAIR,MI,48079,USA,,810-423-8325,,42.825518,-82.486185
TULIPE NOIRE CLOTHING,1887 OAK BAY AVENUE,,VICTORIA,BC,V8R 1C6,CANADA,,,,48.426192,-123.326137
ULTIMATE SALON & SPA,401 2ND ST. N,SUITE 101,LA CROSSE,WI,54601,USA,,,,43.816418,-91.252166
UNBOUTIQUED,22137 TOWNSHIP ROAD,,ARDROSSAN,AB,T8E 2G1,CANADA,,,,53.551709,-113.143322
UNIQUE BOUTIQUE FOR U,34 MAIN STREET,,SUTTER CREEK,CA,95685,USA,,209-267-1806,,38.392828,-120.802574
UNIQUELY U,5003 50TH AVE,,VERMILLION,AB,T9X 1A7,CANADA,,,,53.353824,-110.852603
URBAN BUTTER,120 THORNE AVENUE,,DARTMOUTH,NS,B3B 1Z2,CANADA,,,,44.697724,-63.595415
URBAN THREADZ,"215 MAIN ST., UNIT 6",,FREDERICTON,NB,E3A 1E1,CANADA,,,,45.977153,-66.650551
UTE MOUNTAINEER,210 S GALENA ST,,ASPEN,CO,81611,USA,,970-925-2849,,39.189006,-106.818169
V2V,415 N. FIFTH AVE, ,ANN ARBOR,MI,48104,USA,,734-665-9110,,42.284611,-83.746207
VESTA'S BOUTIQUE,11525 CANTRELL RD, #303,LITTLE ROCK,AR,72212,USA,,501-375-1777,,34.792203,-92.400732
VETEMENTS BRIGIDE ENR.,618  LAFLEUR,,LACHUTE,QC,J8H 1R8,CANADA,,,,45.656184,-74.330486
VI-LEENS,440 - 10TH STREET,,HANOVER,ON,N4N 1P9,CANADA,,,,44.152994,-81.022933
VILLAGE THREADS,57100 BEAVER DR,BUILDING 21 #130,SUNRIVER,OR ,97707,USA,,,,43.87364,-121.436494
VIRTU BOUTIQUE,5004 - 50TH STREET,,BEAUMONT,AB,T4X 1E6,CANADA,,,,53.352805,-113.415464
VOGUE BOUTIQUE,144 SOUTH MAIN STREET,,CARL JUNCTION,MO,64834,USA,,417-649-7911,,37.17599,-94.565117
VOLAMOS BOUTIQUE,327 EAST PINE STREET,,CENTRAL POINT,OR,97502,USA,,,,42.375513,-122.915124
VON MAUR,301 VETERANS PKWY.,,NORMAL,IL,61761,USA,,(309) 454-2048,,40.507586,-88.955218
VON MAUR,6301 UNIVERSITY AVE.,,CEDAR FALLS,IA,50613,USA,,(319) 277-7490,,42.510899,-92.43616
VON MAUR,1350 HICKORY POINT MALL,,FORSYTH,IL,62535,USA,,(217) 877-2499,,39.917874,-88.959046
VON MAUR,1551 VALLEY WEST DR.,,W. DES MOINES,IA,50266,USA,,(515) 223-1311,,41.597506,-93.749507
VON MAUR,4500 16TH ST.,,MOLINE,IL,61265,USA,,(309) 797-0575,,41.467723,-90.5069
VON MAUR,320 W. KIMBERLY RD.,,DAVENPORT,IA,61265,USA,,(309) 386-0880,,41.560886,-90.573508
VON MAUR,115 IOWA RIVER LANDING PL.,,CORALVILLE,IA,52241,USA,,(319) 351-7220,,41.683977,-91.56187
VON MAUR,4444 1ST AVE. NE,,CEDAR RAPIDS,IA,52402,USA,,(319) 395-9770,,42.025789,-91.626994
VON MAUR,145 YORKTOWN SHOPPING CTR.,,LOMBARD,IL,60148,USA,,(630) 953-8181,,41.83812,-88.005863
VON MAUR,10010 CALIFORNIA ST.,,OMAHA,NE,68114,USA,,(402) 390-0381,,41.265347,-96.0674
VON MAUR,6020 E. 82ND ST.,,INDIANAPOLIS,IN,46250,USA,,(317) 594-1870,,39.910231,-86.067563
VON MAUR,1251 US HWY 31 NORTH,,GREENWOOD,IN,46250,USA,,(317) 885-9936,,39.630617,-86.121306
VON MAUR,2900 PINE LAKE RD.,,LINCOLN,NE,68516,USA,,(402) 420-9100,,40.741326,-96.679644
VON MAUR,400 PRAIRIE CENTER DR.,,EDEN PRAIRIE,MN,55344,USA,,(952) 829-0200,,44.854293,-93.422475
VON MAUR,4202 W. JEFFERSON BLVD.,,FT. WAYNE,IN,46804,USA,,(260) 432-3244,,41.070595,-85.197039
VON MAUR,3810 E. MAIN ST.,,ST. CHARLES,IL,60174,USA,,(630) 377-9987,,41.922663,-88.269245
VON MAUR,7700 E. KELLOGG RD.,,WICHITA,KS,67207,USA,,(316) 685-6100,,37.683077,-97.24711
VON MAUR,1960 TOWER DR.,,GLENVIEW,IL,60026,USA,,(847) 724-4199,,42.090078,-87.825496
VON MAUR,300 BRIARWOOD CIRCLE,,ANN ARBOR,MI,48108,USA,,(734) 622-0233,,42.23913,-83.747216
VON MAUR,37500 6 MILE RD.,,LIVONIA,MI,48152,USA,,(734) 432-6949,,42.413721,-83.415992
VON MAUR,7900 SHELBYVILLE RD.,,LOUISVILLE,KY,40222,USA,,(502) 425-7100,,38.246862,-85.610471
VON MAUR,1530 POLARIS PKWY.,,COLUMBUS,OH,43240,USA,,(614) 781-7855,,40.144998,-82.980005
VON MAUR,6701 W. 135TH ST.,,OVERLAND PARK,KS,66223,USA,,(913) 681-1031,,38.881893,-94.663291
VON MAUR,100 MAGNOLIA LN.,,BEAVERCREEK,OH,45440,USA,,(937) 431-8880,,39.693368,-84.100043
VON MAUR,2 FOUNTAIN GRASS DR.,,LAKE ST. LOUIS,MO,63367,USA,,(636) 56-7040,,38.781959,-90.78839
VON MAUR,4000 NORTH POINT CIRCLE,,ALPHARETTA,GA,30022,USA,,(678) 339-9988,,34.047098,-84.296602
VON MAUR,4400 ASHFORD-DUNWOODY RD.,,ATLANTA,GA,30346,USA,,(770) 552-0468,,33.923751,-84.340273
VON MAUR,300 EASTVIEW MALL,,VICTOR,NY,14564,USA,,(585) 223-3417,,43.028492,-77.444395
VON MAUR,2400 RIVERCHASE GALLERIA,,HOOVER,AL,35244,USA,,(205) 982-4337,,33.378803,-86.810227
VON MAUR,2501 W. MEMORIAL RD.,,OKLAHOMA CITY,OK,73134,USA,,(405) 751-1424,,35.61315,-97.558412
VON MAUR,3333 BUFORD DR.,,BUFORD,GA,30519,USA,,(470) 777-3036,,34.066232,-83.984402
VON MAUR,20111 LORD ST.,,BROOKFIELD,WI,53045,USA,,(262) 599-7090,,43.06081,-88.15589
VON MAUR,1650 COUNTY RD. B2 WEST,,ROSEVILLE,MN,55113,USA,,(763) 204-6966,,45.013726,-93.171025
VON MAUR,3099 28TH ST.,,KENTWOOD,MI,49512,USA,,(616) 295-5854,,42.914939,-85.590343
VON MAUR,4 ORLAND SQUARE DR.,,ORLAND,IL,60462,USA,,(708) 675-3816,,41.619103,-87.849223
VON MAUR,104 N. ADAMS RD.,,ROCHESTER HILLS,MI,48309,USA,,(586) 698-7084,,42.686513,-83.194142
VON MAUR,66 W. TOWNE MALL,,MADISON,WI,53719,USA,,,,43.057388,-89.505316
WANT THE CLOTIHING COMPANY,488 BAKER ST,,NELSON,BC,V1L 4H8,CANADA,,,,49.491767,-117.294068
WATCH US WOMEN,1131 NOTTINGHILL GATE,,OAKVILLE,ON,L6M 2G3,CANADA,,,,43.440078,-79.719047
WATER FROM THE MOON,118 SOUTH 500 WEST,,HEBER,UT,84032,USA,,435-654-2267,,40.506178,-111.422359
WATER LILY,8 BRIDGE ST N.,,HASTINGS,ON,K0L 1Y0,CANADA,,,,44.308953,-77.956244
WHAT TO WEAR ROCKY MOUNTAIN,2714 NORTH GATE BLVD,,COLORADO SPRINGS,CO,80921,USA,,719-488-5980,,39.029559,-104.780005
WHAT'S IN STYLE,75 BABCOMBE DRIVE,,THORNHILL,ON,L3T 1M9,CANADA,,,,43.80958,-79.386061
WHITE BULL CLOTHING,204 CENTRE STREET SE,,HIGH RIVER,AB,T1V 1R7,CANADA,,,,50.581036,-113.870625
WILDFLOWERS STYLE & CO.,UNIT 175 - 20728 WILLOUGHBY TOWN CENTRE DRIVE,,LANGLEY,BC,V2Y 0P3,CANADA,,,,49.145357,-122.647736
WILLOW,1935 MAIN ST,,VAL CARRON,ON,P3N 1B4,CANADA,,,,46.610354,-81.020748
WINKLER CO-OP,390 1ST STREET,,WINKLER,MB,R6W 4B2,CANADA,,,,49.182862,-97.934
WISH ON A STAR,268 NEWPORT DR,,PORT MOODY,BC,V3H 5B9,CANADA,,,,49.283083,-122.825335
WITTS END,3525 LONGMIRE DR,SUITE L,COLLEGE STATION,TX,77845,USA,,,,30.582522,-96.286686
YOKExHEM,629 3RD ST. SE,,MEDICINE HAT,AB,T1A 0H4,CANADA,,,,50.039798,-110.674696
ZAZU BOUTIQUE,53 BRIDGE ST E,,CAMPBELLFORD,ON,K0L 1L0,CANADA,,,,44.308591,-77.798084
ZOCALO,441 MARINE DRIVE,,GIBSON LANDING,BC,V0N 1V0,CANADA,,,,48.828454,-123.295345